1.73166,1.45084,1,1.34995,-875.461,0.36439,1303.27,-1.24086,-863.814,0.352629,1280.43,-1.2189
1.4125,0.177175,1,1.34995,-875.461,0.36439,1303.27,-1.24086,-863.814,0.352629,1280.43,-1.2189
0.520564,1.81838,1,1.34995,-875.461,0.36439,1303.27,-1.24086,-863.814,0.352629,1280.43,-1.2189
0.0111459,0.481435,1,1.34995,-875.461,0.36439,1303.27,-1.24086,-863.814,0.352629,1280.43,-1.2189
0.367482,0.91152,1,1.34995,-875.461,0.36439,1303.27,-1.24086,-863.814,0.352629,1280.43,-1.2189
1.19568,0.908449,1,1.34995,-875.461,0.36439,1303.27,-1.24086,-863.814,0.352629,1280.43,-1.2189
2.06435,2.38181,1,1.34995,-875.461,0.36439,1303.27,-1.24086,-863.814,0.352629,1280.43,-1.2189
0.30399,0.971375,1,1.34995,-875.461,0.36439,1303.27,-1.24086,-863.814,0.352629,1280.43,-1.2189
0.660253,0.541341,1,1.34995,-875.461,0.36439,1303.27,-1.24086,-863.814,0.352629,1280.43,-1.2189
0.143661,0.41491,1,1.34995,-875.461,0.36439,1303.27,-1.24086,-863.814,0.352629,1280.43,-1.2189
0.306222,0.61008,1,1.34995,-875.461,0.36439,1303.27,-1.24086,-863.814,0.352629,1280.43,-1.2189
1.08492,0.0674635,1,1.34995,-875.461,0.36439,1303.27,-1.24086,-863.814,0.352629,1280.43,-1.2189
0.758956,1.81705,1,1.34995,-875.461,0.36439,1303.27,-1.24086,-863.814,0.352629,1280.43,-1.2189
2.34946,0.591525,1,1.34995,-875.461,0.36439,1303.27,-1.24086,-863.814,0.352629,1280.43,-1.2189
1.68639,0.606039,1,1.34995,-875.461,0.36439,1303.27,-1.24086,-863.814,0.352629,1280.43,-1.2189
1.96961,1.49138,1,1.81628,-104.087,-0.780867,169.723,3.59925,-83.8616,-0.950671,163.403,3.66045
0.13702,0.428961,1,1.81628,-104.087,-0.780867,169.723,3.59925,-83.8616,-0.950671,163.403,3.66045
1.37636,1.14137,1,1.81628,-104.087,-0.780867,169.723,3.59925,-83.8616,-0.950671,163.403,3.66045
0.456231,0.778961,1,1.81628,-104.087,-0.780867,169.723,3.59925,-83.8616,-0.950671,163.403,3.66045
0.361014,0.539035,1,1.81628,-104.087,-0.780867,169.723,3.59925,-83.8616,-0.950671,163.403,3.66045
1.23672,1.10045,1,1.81628,-104.087,-0.780867,169.723,3.59925,-83.8616,-0.950671,163.403,3.66045
0.877397,0.585401,1,1.81628,-104.087,-0.780867,169.723,3.59925,-83.8616,-0.950671,163.403,3.66045
2.47516,2.22489,1,1.81628,-104.087,-0.780867,169.723,3.59925,-83.8616,-0.950671,163.403,3.66045
1.95877,2.17847,1,1.81628,-104.087,-0.780867,169.723,3.59925,-83.8616,-0.950671,163.403,3.66045
0.720334,1.05404,1,1.81628,-104.087,-0.780867,169.723,3.59925,-83.8616,-0.950671,163.403,3.66045
1.4299,1.35496,1,1.81628,-104.087,-0.780867,169.723,3.59925,-83.8616,-0.950671,163.403,3.66045
0.387848,0.470481,1,1.81628,-104.087,-0.780867,169.723,3.59925,-83.8616,-0.950671,163.403,3.66045
2.20561,2.29595,1,1.81628,-104.087,-0.780867,169.723,3.59925,-83.8616,-0.950671,163.403,3.66045
1.99898,0.771525,1,1.81628,-104.087,-0.780867,169.723,3.59925,-83.8616,-0.950671,163.403,3.66045
0.18121,1.05394,1,1.81628,-104.087,-0.780867,169.723,3.59925,-83.8616,-0.950671,163.403,3.66045
1.06448,0.954583,1,1.36647,-71.7221,0.310439,710.088,1.16401,-68.0131,0.31648,709.236,1.16171
0.761527,0.868605,1,1.36647,-71.7221,0.310439,710.088,1.16401,-68.0131,0.31648,709.236,1.16171
1.71736,0.811017,1,1.36647,-71.7221,0.310439,710.088,1.16401,-68.0131,0.31648,709.236,1.16171
1.55092,0.690655,1,1.36647,-71.7221,0.310439,710.088,1.16401,-68.0131,0.31648,709.236,1.16171
1.4565,0.812129,1,1.36647,-71.7221,0.310439,710.088,1.16401,-68.0131,0.31648,709.236,1.16171
0.431715,1.18469,1,1.36647,-71.7221,0.310439,710.088,1.16401,-68.0131,0.31648,709.236,1.16171
0.337288,1.30617,1,1.36647,-71.7221,0.310439,710.088,1.16401,-68.0131,0.31648,709.236,1.16171
0.351471,0.931473,1,1.36647,-71.7221,0.310439,710.088,1.16401,-68.0131,0.31648,709.236,1.16171
2.24368,1.64468,1,1.36647,-71.7221,0.310439,710.088,1.16401,-68.0131,0.31648,709.236,1.16171
0.98469,1.08535,1,1.36647,-71.7221,0.310439,710.088,1.16401,-68.0131,0.31648,709.236,1.16171
0.766043,0.657752,1,1.36647,-71.7221,0.310439,710.088,1.16401,-68.0131,0.31648,709.236,1.16171
1.7005,1.37734,1,1.36647,-71.7221,0.310439,710.088,1.16401,-68.0131,0.31648,709.236,1.16171
1.55945,0.0947744,1,1.36647,-71.7221,0.310439,710.088,1.16401,-68.0131,0.31648,709.236,1.16171
1.69376,0.205096,1,1.36647,-71.7221,0.310439,710.088,1.16401,-68.0131,0.31648,709.236,1.16171
2.04894,1.50181,1,1.58936,412.312,-0.019929,660.142,-0.577424,413.407,-0.0214797,660.137,-0.576768
1.75365,1.03264,1,1.58936,412.312,-0.019929,660.142,-0.577424,413.407,-0.0214797,660.137,-0.576768
1.11307,0.784976,1,1.58936,412.312,-0.019929,660.142,-0.577424,413.407,-0.0214797,660.137,-0.576768
1.04384,0.716818,1,1.58936,412.312,-0.019929,660.142,-0.577424,413.407,-0.0214797,660.137,-0.576768
0.0581615,0.41752,1,1.58936,412.312,-0.019929,660.142,-0.577424,413.407,-0.0214797,660.137,-0.576768
0.711113,1.19013,1,1.58936,412.312,-0.019929,660.142,-0.577424,413.407,-0.0214797,660.137,-0.576768
1.05971,0.632819,1,1.58936,412.312,-0.019929,660.142,-0.577424,413.407,-0.0214797,660.137,-0.576768
1.0493,0.791018,1,1.58936,412.312,-0.019929,660.142,-0.577424,413.407,-0.0214797,660.137,-0.576768
1.1242,1.39005,1,1.58936,412.312,-0.019929,660.142,-0.577424,413.407,-0.0214797,660.137,-0.576768
0.132838,0.506237,1,1.58936,412.312,-0.019929,660.142,-0.577424,413.407,-0.0214797,660.137,-0.576768
0.202072,0.574378,1,1.58936,412.312,-0.019929,660.142,-0.577424,413.407,-0.0214797,660.137,-0.576768
1.14024,1.48517,1,1.58936,412.312,-0.019929,660.142,-0.577424,413.407,-0.0214797,660.137,-0.576768
1.90952,2.25777,1,1.58936,412.312,-0.019929,660.142,-0.577424,413.407,-0.0214797,660.137,-0.576768
1.85586,1.58035,1,1.58936,412.312,-0.019929,660.142,-0.577424,413.407,-0.0214797,660.137,-0.576768
0.355329,0.391198,1,1.58936,412.312,-0.019929,660.142,-0.577424,413.407,-0.0214797,660.137,-0.576768
1.81821,1.7899,1,1.58936,412.312,-0.019929,660.142,-0.577424,413.407,-0.0214797,660.137,-0.576768
2.15946,2.35012,1,1.58936,412.312,-0.019929,660.142,-0.577424,413.407,-0.0214797,660.137,-0.576768
1.8286,1.63171,1,1.58936,412.312,-0.019929,660.142,-0.577424,413.407,-0.0214797,660.137,-0.576768
0.0933691,1.517,1,1.58936,412.312,-0.019929,660.142,-0.577424,413.407,-0.0214797,660.137,-0.576768
2.05133,0.651566,1,1.58936,412.312,-0.019929,660.142,-0.577424,413.407,-0.0214797,660.137,-0.576768
0.00643436,1.23804,1,1.37167,719.958,1.24807,-2333.51,-4.3972,620.418,1.09473,785.038,0.592987
0.0812623,2.14799,1,1.93268,-298.134,-0.541297,260.433,-1.05158,-295.314,-0.548939,262.808,-1.05004
1.76297,2.30126,1,1.93268,-298.134,-0.541297,260.433,-1.05158,-295.314,-0.548939,262.808,-1.05004
0.560373,1.0866,1,1.93268,-298.134,-0.541297,260.433,-1.05158,-295.314,-0.548939,262.808,-1.05004
0.518061,1.13155,1,1.93268,-298.134,-0.541297,260.433,-1.05158,-295.314,-0.548939,262.808,-1.05004
1.65584,0.0291503,1,1.93268,-298.134,-0.541297,260.433,-1.05158,-295.314,-0.548939,262.808,-1.05004
1.97073,1.10491,1,1.93268,-298.134,-0.541297,260.433,-1.05158,-295.314,-0.548939,262.808,-1.05004
1.53675,2.38249,1,1.93268,-298.134,-0.541297,260.433,-1.05158,-295.314,-0.548939,262.808,-1.05004
0.462629,0.434068,1,1.93268,-298.134,-0.541297,260.433,-1.05158,-295.314,-0.548939,262.808,-1.05004
1.60044,0.668374,1,1.93268,-298.134,-0.541297,260.433,-1.05158,-295.314,-0.548939,262.808,-1.05004
1.46229,2.46815,1,1.93268,-298.134,-0.541297,260.433,-1.05158,-295.314,-0.548939,262.808,-1.05004
0.0769754,0.0872245,1,1.93268,-298.134,-0.541297,260.433,-1.05158,-295.314,-0.548939,262.808,-1.05004
1.74808,1.80231,1,1.93268,-298.134,-0.541297,260.433,-1.05158,-295.314,-0.548939,262.808,-1.05004
0.523445,0.416098,1,1.93268,-298.134,-0.541297,260.433,-1.05158,-295.314,-0.548939,262.808,-1.05004
1.14764,2.13115,1,1.93268,-298.134,-0.541297,260.433,-1.05158,-295.314,-0.548939,262.808,-1.05004
0.597924,0.926772,1,1.93268,-298.134,-0.541297,260.433,-1.05158,-295.314,-0.548939,262.808,-1.05004
1.54654,1.84906,1,1.93268,-298.134,-0.541297,260.433,-1.05158,-295.314,-0.548939,262.808,-1.05004
1.53882,0.382601,1,1.93268,-298.134,-0.541297,260.433,-1.05158,-295.314,-0.548939,262.808,-1.05004
0.445261,1.59024,1,1.93268,-298.134,-0.541297,260.433,-1.05158,-295.314,-0.548939,262.808,-1.05004
1.3655,1.14255,1,0.744332,-69.147,1.18316,32.9382,-0.431202,-68.8079,1.18331,32.6691,-0.433498
0.732692,0.963597,1,0.744332,-69.147,1.18316,32.9382,-0.431202,-68.8079,1.18331,32.6691,-0.433498
1.25884,1.20299,1,0.744332,-69.147,1.18316,32.9382,-0.431202,-68.8079,1.18331,32.6691,-0.433498
1.02729,1.08147,1,0.744332,-69.147,1.18316,32.9382,-0.431202,-68.8079,1.18331,32.6691,-0.433498
0.337871,0.225296,1,0.744332,-69.147,1.18316,32.9382,-0.431202,-68.8079,1.18331,32.6691,-0.433498
1.13425,0.829214,1,0.744332,-69.147,1.18316,32.9382,-0.431202,-68.8079,1.18331,32.6691,-0.433498
0.574681,0.88106,1,0.744332,-69.147,1.18316,32.9382,-0.431202,-68.8079,1.18331,32.6691,-0.433498
0.86111,0.0968654,1,0.744332,-69.147,1.18316,32.9382,-0.431202,-68.8079,1.18331,32.6691,-0.433498
1.07032,1.10112,1,0.744332,-69.147,1.18316,32.9382,-0.431202,-68.8079,1.18331,32.6691,-0.433498
0.638624,0.609165,1,0.744332,-69.147,1.18316,32.9382,-0.431202,-68.8079,1.18331,32.6691,-0.433498
0.393797,0.40174,1,0.744332,-69.147,1.18316,32.9382,-0.431202,-68.8079,1.18331,32.6691,-0.433498
0.812682,0.302476,1,0.744332,-69.147,1.18316,32.9382,-0.431202,-68.8079,1.18331,32.6691,-0.433498
0.552514,1.00439,1,0.744332,-69.147,1.18316,32.9382,-0.431202,-68.8079,1.18331,32.6691,-0.433498
1.40024,0.0297732,1,0.808177,1052.02,1.74936,-288.715,-1.55798,1054.77,1.76082,-286.429,-1.55756
1.9615,0.585233,1,0.808177,1052.02,1.74936,-288.715,-1.55798,1054.77,1.76082,-286.429,-1.55756
0.824521,0.794434,1,0.808177,1052.02,1.74936,-288.715,-1.55798,1054.77,1.76082,-286.429,-1.55756
2.12833,0.496412,1,0.808177,1052.02,1.74936,-288.715,-1.55798,1054.77,1.76082,-286.429,-1.55756
0.0495494,1.18469,1,0.808177,1052.02,1.74936,-288.715,-1.55798,1054.77,1.76082,-286.429,-1.55756
2.38965,2.39132,1,0.808177,1052.02,1.74936,-288.715,-1.55798,1054.77,1.76082,-286.429,-1.55756
0.0665105,0.0203759,1,0.808177,1052.02,1.74936,-288.715,-1.55798,1054.77,1.76082,-286.429,-1.55756
0.0322124,1.06066,1,0.808177,1052.02,1.74936,-288.715,-1.55798,1054.77,1.76082,-286.429,-1.55756
1.79296,0.709756,1,0.808177,1052.02,1.74936,-288.715,-1.55798,1054.77,1.76082,-286.429,-1.55756
1.37283,0.346397,1,0.808177,1052.02,1.74936,-288.715,-1.55798,1054.77,1.76082,-286.429,-1.55756
0.950362,2.02451,1,0.808177,1052.02,1.74936,-288.715,-1.55798,1054.77,1.76082,-286.429,-1.55756
0.113568,0.40425,1,0.808177,1052.02,1.74936,-288.715,-1.55798,1054.77,1.76082,-286.429,-1.55756
0.977667,1.24649,1,0.808177,1052.02,1.74936,-288.715,-1.55798,1054.77,1.76082,-286.429,-1.55756
1.70531,1.44796,1,0.808177,1052.02,1.74936,-288.715,-1.55798,1054.77,1.76082,-286.429,-1.55756
0.637581,0.377952,1,2.11511,969.603,-2.09984,1563.78,-3.59033,1065.6,-2.24238,1543.77,-3.5677
0.868884,1.13379,1,2.11511,969.603,-2.09984,1563.78,-3.59033,1065.6,-2.24238,1543.77,-3.5677
0.849362,1.09456,1,2.11511,969.603,-2.09984,1563.78,-3.59033,1065.6,-2.24238,1543.77,-3.5677
2.14405,1.88973,1,2.11511,969.603,-2.09984,1563.78,-3.59033,1065.6,-2.24238,1543.77,-3.5677
2.16353,1.92897,1,2.11511,969.603,-2.09984,1563.78,-3.59033,1065.6,-2.24238,1543.77,-3.5677
0.670855,1.99326,1,2.11511,969.603,-2.09984,1563.78,-3.59033,1065.6,-2.24238,1543.77,-3.5677
0.807302,0.485738,1,2.11511,969.603,-2.09984,1563.78,-3.59033,1065.6,-2.24238,1543.77,-3.5677
2.28544,1.02173,1,2.11511,969.603,-2.09984,1563.78,-3.59033,1065.6,-2.24238,1543.77,-3.5677
2.19985,1.04507,1,2.11511,969.603,-2.09984,1563.78,-3.59033,1065.6,-2.24238,1543.77,-3.5677
0.756465,1.96991,1,2.11511,969.603,-2.09984,1563.78,-3.59033,1065.6,-2.24238,1543.77,-3.5677
0.721665,0.462417,1,2.11511,969.603,-2.09984,1563.78,-3.59033,1065.6,-2.24238,1543.77,-3.5677
0.773274,0.0429197,1,2.11511,969.603,-2.09984,1563.78,-3.59033,1065.6,-2.24238,1543.77,-3.5677
0.733123,1.55466,1,2.11511,969.603,-2.09984,1563.78,-3.59033,1065.6,-2.24238,1543.77,-3.5677
2.26021,1.4296,1,2.11511,969.603,-2.09984,1563.78,-3.59033,1065.6,-2.24238,1543.77,-3.5677
0.753812,0.0822182,1,2.11511,969.603,-2.09984,1563.78,-3.59033,1065.6,-2.24238,1543.77,-3.5677
1.69912,0.654956,1,1.61172,253.999,-0.0586694,-390.847,-1.02255,255.56,-0.0576064,-388.653,-1.02175
0.37297,0.664389,1,1.61172,253.999,-0.0586694,-390.847,-1.02255,255.56,-0.0576064,-388.653,-1.02175
1.83643,0.532098,1,1.61172,253.999,-0.0586694,-390.847,-1.02255,255.56,-0.0576064,-388.653,-1.02175
0.328224,1.56108,1,1.61172,253.999,-0.0586694,-390.847,-1.02255,255.56,-0.0576064,-388.653,-1.02175
1.29497,0.065238,1,1.61172,253.999,-0.0586694,-390.847,-1.02255,255.56,-0.0576064,-388.653,-1.02175
0.750782,0.687318,1,1.61172,253.999,-0.0586694,-390.847,-1.02255,255.56,-0.0576064,-388.653,-1.02175
1.55051,0.11753,1,1.61172,253.999,-0.0586694,-390.847,-1.02255,255.56,-0.0576064,-388.653,-1.02175
1.06853,0.690541,1,1.61172,253.999,-0.0586694,-390.847,-1.02255,255.56,-0.0576064,-388.653,-1.02175
1.76686,0.518061,1,1.61172,253.999,-0.0586694,-390.847,-1.02255,255.56,-0.0576064,-388.653,-1.02175
1.25673,1.61572,1,1.61172,253.999,-0.0586694,-390.847,-1.02255,255.56,-0.0576064,-388.653,-1.02175
1.92727,0.0555631,1,1.61172,253.999,-0.0586694,-390.847,-1.02255,255.56,-0.0576064,-388.653,-1.02175
0.304127,1.57077,1,1.61172,253.999,-0.0586694,-390.847,-1.02255,255.56,-0.0576064,-388.653,-1.02175
2.25381,1.32463,1,1.32878,-197.423,0.325957,-43.4894,-0.842961,-200.713,0.324112,-39.8649,-0.831411
2.0188,1.1129,1,1.32878,-197.423,0.325957,-43.4894,-0.842961,-200.713,0.324112,-39.8649,-0.831411
0.492874,1.39736,1,1.32878,-197.423,0.325957,-43.4894,-0.842961,-200.713,0.324112,-39.8649,-0.831411
0.612172,0.218622,1,1.32878,-197.423,0.325957,-43.4894,-0.842961,-200.713,0.324112,-39.8649,-0.831411
0.39266,0.821034,1,1.32878,-197.423,0.325957,-43.4894,-0.842961,-200.713,0.324112,-39.8649,-0.831411
1.5721,0.695887,1,1.32878,-197.423,0.325957,-43.4894,-0.842961,-200.713,0.324112,-39.8649,-0.831411
1.19346,1.69747,1,1.32878,-197.423,0.325957,-43.4894,-0.842961,-200.713,0.324112,-39.8649,-0.831411
0.188656,0.657812,1,1.32878,-197.423,0.325957,-43.4894,-0.842961,-200.713,0.324112,-39.8649,-0.831411
2.06712,0.21496,1,1.32878,-197.423,0.325957,-43.4894,-0.842961,-200.713,0.324112,-39.8649,-0.831411
1.79103,0.0123938,1,1.18658,-272.265,0.486395,602.809,-0.661484,-268.489,0.484644,603.877,-0.660804
1.48043,0.2972,1,1.18658,-272.265,0.486395,602.809,-0.661484,-268.489,0.484644,603.877,-0.660804
1.32023,0.00659492,1,1.18658,-272.265,0.486395,602.809,-0.661484,-268.489,0.484644,603.877,-0.660804
2.30574,2.17028,1,1.18658,-272.265,0.486395,602.809,-0.661484,-268.489,0.484644,603.877,-0.660804
1.1345,0.66637,1,1.18658,-272.265,0.486395,602.809,-0.661484,-268.489,0.484644,603.877,-0.660804
0.823843,0.976012,1,1.18658,-272.265,0.486395,602.809,-0.661484,-268.489,0.484644,603.877,-0.660804
1.97063,1.72661,1,1.18658,-272.265,0.486395,602.809,-0.661484,-268.489,0.484644,603.877,-0.660804
2.19476,2.43174,1,1.18658,-272.265,0.486395,602.809,-0.661484,-268.489,0.484644,603.877,-0.660804
2.19928,1.04351,1,1.18658,-272.265,0.486395,602.809,-0.661484,-268.489,0.484644,603.877,-0.660804
1.22091,0.0587675,1,1.18658,-272.265,0.486395,602.809,-0.661484,-268.489,0.484644,603.877,-0.660804
0.703783,0.144927,1,1.18658,-272.265,0.486395,602.809,-0.661484,-268.489,0.484644,603.877,-0.660804
0.985618,0.145205,1,1.18658,-272.265,0.486395,602.809,-0.661484,-268.489,0.484644,603.877,-0.660804
1.37362,1.06526,1,1.18658,-272.265,0.486395,602.809,-0.661484,-268.489,0.484644,603.877,-0.660804
1.60826,0.295407,1,1.18658,-272.265,0.486395,602.809,-0.661484,-268.489,0.484644,603.877,-0.660804
0.806505,0.510624,1,1.18658,-272.265,0.486395,602.809,-0.661484,-268.489,0.484644,603.877,-0.660804
1.47289,0.99985,1,1.18658,-272.265,0.486395,602.809,-0.661484,-268.489,0.484644,603.877,-0.660804
0.590166,0.0948555,1,1.18658,-272.265,0.486395,602.809,-0.661484,-268.489,0.484644,603.877,-0.660804
0.872118,0.385056,1,1.18658,-272.265,0.486395,602.809,-0.661484,-268.489,0.484644,603.877,-0.660804
1.03737,1.18464,1,1.1955,-349.067,0.571107,-395.84,-1.06016,-347.877,0.574334,-396.312,-1.05994
1.00428,0.866705,1,1.1955,-349.067,0.571107,-395.84,-1.06016,-347.877,0.574334,-396.312,-1.05994
1.20997,1.23166,1,1.1955,-349.067,0.571107,-395.84,-1.06016,-347.877,0.574334,-396.312,-1.05994
0.777006,0.558151,1,1.1955,-349.067,0.571107,-395.84,-1.06016,-347.877,0.574334,-396.312,-1.05994
0.770385,1.00706,1,1.1955,-349.067,0.571107,-395.84,-1.06016,-347.877,0.574334,-396.312,-1.05994
0.83659,1.02825,1,1.1955,-349.067,0.571107,-395.84,-1.06016,-347.877,0.574334,-396.312,-1.05994
0.376493,0.188467,1,1.1955,-349.067,0.571107,-395.84,-1.06016,-347.877,0.574334,-396.312,-1.05994
1.55027,2.37934,1,1.1955,-349.067,0.571107,-395.84,-1.06016,-347.877,0.574334,-396.312,-1.05994
0.107399,1.11377,1,1.1955,-349.067,0.571107,-395.84,-1.06016,-347.877,0.574334,-396.312,-1.05994
1.65482,0.451499,1,1.1955,-349.067,0.571107,-395.84,-1.06016,-347.877,0.574334,-396.312,-1.05994
1.18194,0.474801,1,1.1955,-349.067,0.571107,-395.84,-1.06016,-347.877,0.574334,-396.312,-1.05994
2.37971,1.65924,1,1.1955,-349.067,0.571107,-395.84,-1.06016,-347.877,0.574334,-396.312,-1.05994
1.34394,1.32694,1,1.1955,-349.067,0.571107,-395.84,-1.06016,-347.877,0.574334,-396.312,-1.05994
2.1462,2.15712,1,1.1955,-349.067,0.571107,-395.84,-1.06016,-347.877,0.574334,-396.312,-1.05994
1.60051,1.18029,1,1.30851,-88.3197,0.948495,-262.407,3.50338,-87.4669,0.981436,-261.593,3.51605
0.29488,0.717112,1,1.30851,-88.3197,0.948495,-262.407,3.50338,-87.4669,0.981436,-261.593,3.51605
2.01986,1.59398,1,1.30851,-88.3197,0.948495,-262.407,3.50338,-87.4669,0.981436,-261.593,3.51605
0.124489,0.3034,1,1.30851,-88.3197,0.948495,-262.407,3.50338,-87.4669,0.981436,-261.593,3.51605
1.77087,2.20083,1,1.30851,-88.3197,0.948495,-262.407,3.50338,-87.4669,0.981436,-261.593,3.51605
2.26107,2.17106,1,1.30851,-88.3197,0.948495,-262.407,3.50338,-87.4669,0.981436,-261.593,3.51605
1.94901,2.03744,1,1.30851,-88.3197,0.948495,-262.407,3.50338,-87.4669,0.981436,-261.593,3.51605
0.0536433,0.140047,1,1.30851,-88.3197,0.948495,-262.407,3.50338,-87.4669,0.981436,-261.593,3.51605
1.52965,1.62374,1,1.30851,-88.3197,0.948495,-262.407,3.50338,-87.4669,0.981436,-261.593,3.51605
0.365708,0.27365,1,1.30851,-88.3197,0.948495,-262.407,3.50338,-87.4669,0.981436,-261.593,3.51605
1.84172,1.75737,1,1.30851,-88.3197,0.948495,-262.407,3.50338,-87.4669,0.981436,-261.593,3.51605
1.16445,0.895426,1,1.30851,-88.3197,0.948495,-262.407,3.50338,-87.4669,0.981436,-261.593,3.51605
0.486899,0.764726,1,1.30851,-88.3197,0.948495,-262.407,3.50338,-87.4669,0.981436,-261.593,3.51605
2.13827,2.42488,1,1.30851,-88.3197,0.948495,-262.407,3.50338,-87.4669,0.981436,-261.593,3.51605
2.25636,1.96328,1,1.30851,-88.3197,0.948495,-262.407,3.50338,-87.4669,0.981436,-261.593,3.51605
0.605007,0.303131,1,1.30851,-88.3197,0.948495,-262.407,3.50338,-87.4669,0.981436,-261.593,3.51605
2.20909,1.75991,1,1.5551,-508.833,0.0298836,204.408,-1.76857,-509.467,0.0317453,206.076,-1.76038
0.947847,1.38686,1,1.5551,-508.833,0.0298836,204.408,-1.76857,-509.467,0.0317453,206.076,-1.76038
2.14504,1.71628,1,1.5551,-508.833,0.0298836,204.408,-1.76857,-509.467,0.0317453,206.076,-1.76038
0.388373,0.346927,1,1.5551,-508.833,0.0298836,204.408,-1.76857,-509.467,0.0317453,206.076,-1.76038
1.17018,1.88715,1,1.5551,-508.833,0.0298836,204.408,-1.76857,-509.467,0.0317453,206.076,-1.76038
1.68802,1.32846,1,1.5551,-508.833,0.0298836,204.408,-1.76857,-509.467,0.0317453,206.076,-1.76038
0.928894,0.589894,1,1.5551,-508.833,0.0298836,204.408,-1.76857,-509.467,0.0317453,206.076,-1.76038
2.43945,1.5204,1,1.5551,-508.833,0.0298836,204.408,-1.76857,-509.467,0.0317453,206.076,-1.76038
1.99615,1.07867,1,1.5551,-508.833,0.0298836,204.408,-1.76857,-509.467,0.0317453,206.076,-1.76038
0.898591,1.85267,1,1.5551,-508.833,0.0298836,204.408,-1.76857,-509.467,0.0317453,206.076,-1.76038
1.34186,2.29432,1,1.5551,-508.833,0.0298836,204.408,-1.76857,-509.467,0.0317453,206.076,-1.76038
1.85548,1.76627,1,1.5551,-508.833,0.0298836,204.408,-1.76857,-509.467,0.0317453,206.076,-1.76038
0.477292,0.979185,1,1.5551,-508.833,0.0298836,204.408,-1.76857,-509.467,0.0317453,206.076,-1.76038
2.22428,0.737495,1,1.5551,-508.833,0.0298836,204.408,-1.76857,-509.467,0.0317453,206.076,-1.76038
2.0105,0.991546,1,1.5551,-508.833,0.0298836,204.408,-1.76857,-509.467,0.0317453,206.076,-1.76038
1.56722,0.549858,1,1.5551,-508.833,0.0298836,204.408,-1.76857,-509.467,0.0317453,206.076,-1.76038
0.258411,0.637208,1,1.5551,-508.833,0.0298836,204.408,-1.76857,-509.467,0.0317453,206.076,-1.76038
1.01754,0.101327,1,1.5551,-508.833,0.0298836,204.408,-1.76857,-509.467,0.0317453,206.076,-1.76038
2.07679,0.666216,1,0.999328,-845.099,0.71353,869.467,-0.33246,-800.85,0.687521,927.81,-0.378657
1.31379,0.0399344,1,0.999328,-845.099,0.71353,869.467,-0.33246,-800.85,0.687521,927.81,-0.378657
1.44646,1.38364,1,0.999328,-845.099,0.71353,869.467,-0.33246,-800.85,0.687521,927.81,-0.378657
0.683429,2.08982,1,0.999328,-845.099,0.71353,869.467,-0.33246,-800.85,0.687521,927.81,-0.378657
2.23763,1.01293,1,0.999328,-845.099,0.71353,869.467,-0.33246,-800.85,0.687521,927.81,-0.378657
2.07765,0.667413,1,0.999328,-845.099,0.71353,869.467,-0.33246,-800.85,0.687521,927.81,-0.378657
1.752,1.1299,1,0.999328,-845.099,0.71353,869.467,-0.33246,-800.85,0.687521,927.81,-0.378657
1.912,0.784353,1,0.999328,-845.099,0.71353,869.467,-0.33246,-800.85,0.687521,927.81,-0.378657
0.188912,1.40842,1,0.999328,-845.099,0.71353,869.467,-0.33246,-800.85,0.687521,927.81,-0.378657
1.8833,0.956114,-1,0.999328,-845.099,0.71353,869.467,-0.33246,-800.85,0.687521,927.81,-0.378657
0.781891,0.156857,1,0.999328,-845.099,0.71353,869.467,-0.33246,-800.85,0.687521,927.81,-0.378657
0.342906,1.39077,1,1.32627,-11.5083,0.307513,265.161,0.728987,-11.561,0.308304,265.094,0.72645
0.547735,1.60753,1,1.32627,-11.5083,0.307513,265.161,0.728987,-11.561,0.308304,265.094,0.72645
1.67091,0.858942,1,1.32627,-11.5083,0.307513,265.161,0.728987,-11.561,0.308304,265.094,0.72645
1.03818,1.49963,1,1.32627,-11.5083,0.307513,265.161,0.728987,-11.561,0.308304,265.094,0.72645
0.324474,0.906769,1,1.32627,-11.5083,0.307513,265.161,0.728987,-11.561,0.308304,265.094,0.72645
1.19507,1.78599,1,1.32627,-11.5083,0.307513,265.161,0.728987,-11.561,0.308304,265.094,0.72645
1.1576,0.817642,1,1.32627,-11.5083,0.307513,265.161,0.728987,-11.561,0.308304,265.094,0.72645
0.483428,0.138459,1,1.32627,-11.5083,0.307513,265.161,0.728987,-11.561,0.308304,265.094,0.72645
1.55717,1.01309,1,1.32627,-11.5083,0.307513,265.161,0.728987,-11.561,0.308304,265.094,0.72645
1.35238,0.796339,1,1.32627,-11.5083,0.307513,265.161,0.728987,-11.561,0.308304,265.094,0.72645
1.76227,1.01576,1,1.32627,-11.5083,0.307513,265.161,0.728987,-11.561,0.308304,265.094,0.72645
1.08814,0.336648,1,1.32627,-11.5083,0.307513,265.161,0.728987,-11.561,0.308304,265.094,0.72645
1.10762,1.98064,1,1.32627,-11.5083,0.307513,265.161,0.728987,-11.561,0.308304,265.094,0.72645
1.81611,0.243905,1,1.32627,-11.5083,0.307513,265.161,0.728987,-11.561,0.308304,265.094,0.72645
1.58212,1.42756,1,1.32627,-11.5083,0.307513,265.161,0.728987,-11.561,0.308304,265.094,0.72645
1.13649,0.981358,1,1.32627,-11.5083,0.307513,265.161,0.728987,-11.561,0.308304,265.094,0.72645
0.752662,0.919182,1,1.32627,-11.5083,0.307513,265.161,0.728987,-11.561,0.308304,265.094,0.72645
1.1983,1.36542,1,1.32627,-11.5083,0.307513,265.161,0.728987,-11.561,0.308304,265.094,0.72645
0.970467,2.21744,1,1.57959,-398.139,-0.0128827,237.164,-0.917349,-396.545,-0.0119346,236.731,-0.918626
1.21035,1.56317,1,1.57959,-398.139,-0.0128827,237.164,-0.917349,-396.545,-0.0119346,236.731,-0.918626
2.22737,1.88311,1,1.57959,-398.139,-0.0128827,237.164,-0.917349,-396.545,-0.0119346,236.731,-0.918626
2.17287,1.26075,1,1.57959,-398.139,-0.0128827,237.164,-0.917349,-396.545,-0.0119346,236.731,-0.918626
0.873396,0.385454,1,1.57959,-398.139,-0.0128827,237.164,-0.917349,-396.545,-0.0119346,236.731,-0.918626
0.370959,0.853806,1,1.57959,-398.139,-0.0128827,237.164,-0.917349,-396.545,-0.0119346,236.731,-0.918626
0.324949,0.751959,1,1.57959,-398.139,-0.0128827,237.164,-0.917349,-396.545,-0.0119346,236.731,-0.918626
0.0343449,1.03559,1,1.57959,-398.139,-0.0128827,237.164,-0.917349,-396.545,-0.0119346,236.731,-0.918626
0.158472,1.67844,1,1.57959,-398.139,-0.0128827,237.164,-0.917349,-396.545,-0.0119346,236.731,-0.918626
0.812021,0.864158,1,1.57959,-398.139,-0.0128827,237.164,-0.917349,-396.545,-0.0119346,236.731,-0.918626
0.336042,1.21719,1,1.57959,-398.139,-0.0128827,237.164,-0.917349,-396.545,-0.0119346,236.731,-0.918626
2.05902,0.50249,1,1.57959,-398.139,-0.0128827,237.164,-0.917349,-396.545,-0.0119346,236.731,-0.918626
0.832387,0.790916,1,1.57959,-398.139,-0.0128827,237.164,-0.917349,-396.545,-0.0119346,236.731,-0.918626
1.43821,2.03825,1,1.57959,-398.139,-0.0128827,237.164,-0.917349,-396.545,-0.0119346,236.731,-0.918626
1.80288,2.4019,1,1.57959,-398.139,-0.0128827,237.164,-0.917349,-396.545,-0.0119346,236.731,-0.918626
0.441843,0.88288,1,1.57959,-398.139,-0.0128827,237.164,-0.917349,-396.545,-0.0119346,236.731,-0.918626
0.823708,0.379254,1,1.57959,-398.139,-0.0128827,237.164,-0.917349,-396.545,-0.0119346,236.731,-0.918626
1.34301,1.91913,1,1.57959,-398.139,-0.0128827,237.164,-0.917349,-396.545,-0.0119346,236.731,-0.918626
1.70767,2.28278,1,1.57959,-398.139,-0.0128827,237.164,-0.917349,-396.545,-0.0119346,236.731,-0.918626
1.06233,0.688592,1,1.57959,-398.139,-0.0128827,237.164,-0.917349,-396.545,-0.0119346,236.731,-0.918626
0.899234,0.265826,1,1.71797,303.782,-0.191151,291.79,-0.808263,304.206,-0.19068,292.478,-0.808574
1.9529,1.31877,1,1.71797,303.782,-0.191151,291.79,-0.808263,304.206,-0.19068,292.478,-0.808574
1.73963,2.35447,1,1.71797,303.782,-0.191151,291.79,-0.808263,304.206,-0.19068,292.478,-0.808574
1.63885,1.16849,1,1.71797,303.782,-0.191151,291.79,-0.808263,304.206,-0.19068,292.478,-0.808574
0.712612,0.244258,1,1.71797,303.782,-0.191151,291.79,-0.808263,304.206,-0.19068,292.478,-0.808574
0.740201,0.10395,1,1.71797,303.782,-0.191151,291.79,-0.808263,304.206,-0.19068,292.478,-0.808574
1.31145,0.675662,1,1.71797,303.782,-0.191151,291.79,-0.808263,304.206,-0.19068,292.478,-0.808574
1.60699,1.00447,1,1.71797,303.782,-0.191151,291.79,-0.808263,304.206,-0.19068,292.478,-0.808574
2.09393,1.58244,1,1.71797,303.782,-0.191151,291.79,-0.808263,304.206,-0.19068,292.478,-0.808574
0.879333,0.41234,1,1.71797,303.782,-0.191151,291.79,-0.808263,304.206,-0.19068,292.478,-0.808574
0.174288,0.640662,1,1.71797,303.782,-0.191151,291.79,-0.808263,304.206,-0.19068,292.478,-0.808574
0.199869,0.0819002,1,1.71797,303.782,-0.191151,291.79,-0.808263,304.206,-0.19068,292.478,-0.808574
0.474243,0.590493,1,1.71797,303.782,-0.191151,291.79,-0.808263,304.206,-0.19068,292.478,-0.808574
1.70616,1.37533,1,1.71797,303.782,-0.191151,291.79,-0.808263,304.206,-0.19068,292.478,-0.808574
1.00961,0.675877,1,1.71797,303.782,-0.191151,291.79,-0.808263,304.206,-0.19068,292.478,-0.808574
1.99481,2.07119,1,1.71797,303.782,-0.191151,291.79,-0.808263,304.206,-0.19068,292.478,-0.808574
2.37512,2.30147,1,1.71797,303.782,-0.191151,291.79,-0.808263,304.206,-0.19068,292.478,-0.808574
0.470747,0.864487,1,1.71797,303.782,-0.191151,291.79,-0.808263,304.206,-0.19068,292.478,-0.808574
1.16724,1.56386,1,1.71797,303.782,-0.191151,291.79,-0.808263,304.206,-0.19068,292.478,-0.808574
1.08494,0.49893,1,1.16613,1371.96,1.26869,-2999.41,-2.67613,1321.82,1.23026,-3020.69,-2.69326
1.42271,2.03328,1,1.16613,1371.96,1.26869,-2999.41,-2.67613,1321.82,1.23026,-3020.69,-2.69326
2.39582,1.88089,1,1.16613,1371.96,1.26869,-2999.41,-2.67613,1321.82,1.23026,-3020.69,-2.69326
0.111745,0.651368,1,1.16613,1371.96,1.26869,-2999.41,-2.67613,1321.82,1.23026,-3020.69,-2.69326
2.06189,2.3745,1,1.16613,1371.96,1.26869,-2999.41,-2.67613,1321.82,1.23026,-3020.69,-2.69326
2.12014,2.42115,1,1.16613,1371.96,1.26869,-2999.41,-2.67613,1321.82,1.23026,-3020.69,-2.69326
1.98814,1.68386,1,1.16613,1371.96,1.26869,-2999.41,-2.67613,1321.82,1.23026,-3020.69,-2.69326
0.0368673,0.345285,1,1.16613,1371.96,1.26869,-2999.41,-2.67613,1321.82,1.23026,-3020.69,-2.69326
1.92997,1.6371,1,1.16613,1371.96,1.26869,-2999.41,-2.67613,1321.82,1.23026,-3020.69,-2.69326
0.0951005,0.391998,1,1.16613,1371.96,1.26869,-2999.41,-2.67613,1321.82,1.23026,-3020.69,-2.69326
1.54884,1.08939,1,1.16613,1371.96,1.26869,-2999.41,-2.67613,1321.82,1.23026,-3020.69,-2.69326
0.5704,1.01971,1,1.16613,1371.96,1.26869,-2999.41,-2.67613,1321.82,1.23026,-3020.69,-2.69326
1.34254,0.911572,1,1.16613,1371.96,1.26869,-2999.41,-2.67613,1321.82,1.23026,-3020.69,-2.69326
0.776836,1.19757,1,1.16613,1371.96,1.26869,-2999.41,-2.67613,1321.82,1.23026,-3020.69,-2.69326
0.758858,1.20827,1,1.16613,1371.96,1.26869,-2999.41,-2.67613,1321.82,1.23026,-3020.69,-2.69326
1.52143,2.14534,1,1.16613,1371.96,1.26869,-2999.41,-2.67613,1321.82,1.23026,-3020.69,-2.69326
0.503135,1.06643,1,2.01027,455.783,-0.628779,180.587,-0.888464,456.238,-0.629251,181.198,-0.889456
1.32841,0.762227,1,2.01027,455.783,-0.628779,180.587,-0.888464,456.238,-0.629251,181.198,-0.889456
0.0696793,0.215601,1,2.01027,455.783,-0.628779,180.587,-0.888464,456.238,-0.629251,181.198,-0.889456
0.941715,1.22814,1,2.01027,455.783,-0.628779,180.587,-0.888464,456.238,-0.629251,181.198,-0.889456
1.93785,1.42705,1,2.01027,455.783,-0.628779,180.587,-0.888464,456.238,-0.629251,181.198,-0.889456
1.29832,1.77501,1,2.01027,455.783,-0.628779,180.587,-0.888464,456.238,-0.629251,181.198,-0.889456
0.533212,0.053668,1,2.01027,455.783,-0.628779,180.587,-0.888464,456.238,-0.629251,181.198,-0.889456
0.308942,0.432131,1,2.01027,455.783,-0.628779,180.587,-0.888464,456.238,-0.629251,181.198,-0.889456
0.219349,0.0926519,1,2.01027,455.783,-0.628779,180.587,-0.888464,456.238,-0.629251,181.198,-0.889456
1.81724,1.86544,1,2.01027,455.783,-0.628779,180.587,-0.888464,456.238,-0.629251,181.198,-0.889456
0.014308,0.0367947,1,2.01027,455.783,-0.628779,180.587,-0.888464,456.238,-0.629251,181.198,-0.889456
1.68325,1.56142,1,2.01027,455.783,-0.628779,180.587,-0.888464,456.238,-0.629251,181.198,-0.889456
1.00461,1.13198,1,2.01027,455.783,-0.628779,180.587,-0.888464,456.238,-0.629251,181.198,-0.889456
1.02202,1.15684,1,2.01027,455.783,-0.628779,180.587,-0.888464,456.238,-0.629251,181.198,-0.889456
0.809513,0.671809,1,2.01027,455.783,-0.628779,180.587,-0.888464,456.238,-0.629251,181.198,-0.889456
1.43967,0.0806259,1,1.32697,102.194,0.299096,-560.912,0.670978,100.842,0.299419,-560.811,0.669882
0.794427,0.568591,1,1.32697,102.194,0.299096,-560.912,0.670978,100.842,0.299419,-560.811,0.669882
1.99701,0.671027,1,1.32697,102.194,0.299096,-560.912,0.670978,100.842,0.299419,-560.811,0.669882
1.97869,0.840859,1,1.32697,102.194,0.299096,-560.912,0.670978,100.842,0.299419,-560.811,0.669882
0.627703,0.594212,1,1.32697,102.194,0.299096,-560.912,0.670978,100.842,0.299419,-560.811,0.669882
0.145302,1.07887,1,1.32697,102.194,0.299096,-560.912,0.670978,100.842,0.299419,-560.811,0.669882
1.26866,1.38177,1,1.32697,102.194,0.299096,-560.912,0.670978,100.842,0.299419,-560.811,0.669882
1.23202,1.35053,1,1.32697,102.194,0.299096,-560.912,0.670978,100.842,0.299419,-560.811,0.669882
0.264094,0.0395894,1,1.32697,102.194,0.299096,-560.912,0.670978,100.842,0.299419,-560.811,0.669882
0.909286,0.609578,1,1.32697,102.194,0.299096,-560.912,0.670978,100.842,0.299419,-560.811,0.669882
0.679085,0.242297,1,1.32697,102.194,0.299096,-560.912,0.670978,100.842,0.299419,-560.811,0.669882
2.33046,1.40342,1,1.32697,102.194,0.299096,-560.912,0.670978,100.842,0.299419,-560.811,0.669882
1.57545,1.23798,1,1.32697,102.194,0.299096,-560.912,0.670978,100.842,0.299419,-560.811,0.669882
1.61211,1.26921,1,1.32697,102.194,0.299096,-560.912,0.670978,100.842,0.299419,-560.811,0.669882
0.289206,0.170032,1,1.32697,102.194,0.299096,-560.912,0.670978,100.842,0.299419,-560.811,0.669882
0.325862,0.138747,1,1.32697,102.194,0.299096,-560.912,0.670978,100.842,0.299419,-560.811,0.669882
0.779863,1.44596,1,1.90208,-1189.18,-1.28762,-3348,-3.37033,-1120.05,-1.22548,-3403.16,-3.4193
1.94022,1.22446,1,1.90208,-1189.18,-1.28762,-3348,-3.37033,-1120.05,-1.22548,-3403.16,-3.4193
1.14714,0.336403,1,1.90208,-1189.18,-1.28762,-3348,-3.37033,-1120.05,-1.22548,-3403.16,-3.4193
1.48793,1.64411,1,1.90208,-1189.18,-1.28762,-3348,-3.37033,-1120.05,-1.22548,-3403.16,-3.4193
0.332422,0.171639,1,1.90208,-1189.18,-1.28762,-3348,-3.37033,-1120.05,-1.22548,-3403.16,-3.4193
2.15291,1.98736,1,1.90208,-1189.18,-1.28762,-3348,-3.37033,-1120.05,-1.22548,-3403.16,-3.4193
0.861119,1.00415,1,1.90208,-1189.18,-1.28762,-3348,-3.37033,-1120.05,-1.22548,-3403.16,-3.4193
0.959378,0.811571,1,1.90208,-1189.18,-1.28762,-3348,-3.37033,-1120.05,-1.22548,-3403.16,-3.4193
2.00363,1.71332,1,1.90208,-1189.18,-1.28762,-3348,-3.37033,-1120.05,-1.22548,-3403.16,-3.4193
1.32479,1.64196,1,1.90208,-1189.18,-1.28762,-3348,-3.37033,-1120.05,-1.22548,-3403.16,-3.4193
0.339412,0.0356313,1,1.90208,-1189.18,-1.28762,-3348,-3.37033,-1120.05,-1.22548,-3403.16,-3.4193
2.1554,1.50518,1,1.90208,-1189.18,-1.28762,-3348,-3.37033,-1120.05,-1.22548,-3403.16,-3.4193
1.48547,2.1263,1,1.90208,-1189.18,-1.28762,-3348,-3.37033,-1120.05,-1.22548,-3403.16,-3.4193
0.334979,0.310548,1,1.90208,-1189.18,-1.28762,-3348,-3.37033,-1120.05,-1.22548,-3403.16,-3.4193
1.52858,0.865323,1,1.90208,-1189.18,-1.28762,-3348,-3.37033,-1120.05,-1.22548,-3403.16,-3.4193
0.963017,0.576978,1,1.20147,-1212.14,0.731753,1695.53,-1.59555,-1206.71,0.726102,1694.39,-1.59314
0.703518,0.334071,1,1.20147,-1212.14,0.731753,1695.53,-1.59555,-1206.71,0.726102,1694.39,-1.59314
1.22541,1.37787,1,1.20147,-1212.14,0.731753,1695.53,-1.59555,-1206.71,0.726102,1694.39,-1.59314
0.667769,0.91797,1,1.20147,-1212.14,0.731753,1695.53,-1.59555,-1206.71,0.726102,1694.39,-1.59314
1.27182,1.03762,1,1.20147,-1212.14,0.731753,1695.53,-1.59555,-1206.71,0.726102,1694.39,-1.59314
0.551126,1.30127,1,1.20147,-1212.14,0.731753,1695.53,-1.59555,-1206.71,0.726102,1694.39,-1.59314
1.3884,0.654334,1,1.20147,-1212.14,0.731753,1695.53,-1.59555,-1206.71,0.726102,1694.39,-1.59314
1.49137,1.93249,1,1.20147,-1212.14,0.731753,1695.53,-1.59555,-1206.71,0.726102,1694.39,-1.59314
0.964524,1.0774,1,1.20147,-1212.14,0.731753,1695.53,-1.59555,-1206.71,0.726102,1694.39,-1.59314
1.12941,1.23185,1,1.20147,-1212.14,0.731753,1695.53,-1.59555,-1206.71,0.726102,1694.39,-1.59314
0.290953,0.553175,1,1.20147,-1212.14,0.731753,1695.53,-1.59555,-1206.71,0.726102,1694.39,-1.59314
0.385106,1.86792,1,1.20147,-1212.14,0.731753,1695.53,-1.59555,-1206.71,0.726102,1694.39,-1.59314
0.720763,2.0384,-1,1.33788,-107.174,1.30479,732.862,4.75843,-389.258,0.113216,-496.329,-0.286091
1.0908,0.139817,1,1.40826,446.843,0.954528,256.781,-5.00946,458.066,0.821928,252.46,-4.91277
0.255733,1.19016,1,1.40826,446.843,0.954528,256.781,-5.00946,458.066,0.821928,252.46,-4.91277
0.317059,0.556362,1,1.40826,446.843,0.954528,256.781,-5.00946,458.066,0.821928,252.46,-4.91277
1.66356,0.773596,1,1.40826,446.843,0.954528,256.781,-5.00946,458.066,0.821928,252.46,-4.91277
0.790975,1.0552,1,1.40826,446.843,0.954528,256.781,-5.00946,458.066,0.821928,252.46,-4.91277
2.20194,1.82889,1,1.40826,446.843,0.954528,256.781,-5.00946,458.066,0.821928,252.46,-4.91277
0.773357,0.835755,1,1.40826,446.843,0.954528,256.781,-5.00946,458.066,0.821928,252.46,-4.91277
0.723087,0.606289,1,1.40826,446.843,0.954528,256.781,-5.00946,458.066,0.821928,252.46,-4.91277
1.80597,0.0875396,1,1.40826,446.843,0.954528,256.781,-5.00946,458.066,0.821928,252.46,-4.91277
1.15603,1.88694,1,1.40826,446.843,0.954528,256.781,-5.00946,458.066,0.821928,252.46,-4.91277
1.64324,0.858921,1,1.40826,446.843,0.954528,256.781,-5.00946,458.066,0.821928,252.46,-4.91277
0.131216,1.39871,1,1.40826,446.843,0.954528,256.781,-5.00946,458.066,0.821928,252.46,-4.91277
0.917598,2.48079,1,1.40826,446.843,0.954528,256.781,-5.00946,458.066,0.821928,252.46,-4.91277
2.03242,2.17816,1,1.25106,-1065.31,1.0457,2742.62,-3.00258,-1064.63,1.04626,2740.97,-2.99644
1.02078,0.873651,1,1.25106,-1065.31,1.0457,2742.62,-3.00258,-1064.63,1.04626,2740.97,-2.99644
2.17545,2.32393,1,1.25106,-1065.31,1.0457,2742.62,-3.00258,-1064.63,1.04626,2740.97,-2.99644
0.877744,0.727933,1,1.25106,-1065.31,1.0457,2742.62,-3.00258,-1064.63,1.04626,2740.97,-2.99644
0.699872,0.163142,1,1.25106,-1065.31,1.0457,2742.62,-3.00258,-1064.63,1.04626,2740.97,-2.99644
1.18297,2.04294,1,1.25106,-1065.31,1.0457,2742.62,-3.00258,-1064.63,1.04626,2740.97,-2.99644
1.15391,0.299466,1,1.25106,-1065.31,1.0457,2742.62,-3.00258,-1064.63,1.04626,2740.97,-2.99644
0.729059,1.58029,1,1.25106,-1065.31,1.0457,2742.62,-3.00258,-1064.63,1.04626,2740.97,-2.99644
0.657207,2.02603,1,1.25106,-1065.31,1.0457,2742.62,-3.00258,-1064.63,1.04626,2740.97,-2.99644
1.22576,0.146216,1,1.25106,-1065.31,1.0457,2742.62,-3.00258,-1064.63,1.04626,2740.97,-2.99644
1.1111,2.48858,1,1.25106,-1065.31,1.0457,2742.62,-3.00258,-1064.63,1.04626,2740.97,-2.99644
0.771787,0.608802,1,1.25106,-1065.31,1.0457,2742.62,-3.00258,-1064.63,1.04626,2740.97,-2.99644
1.52353,2.43633,1,1.25106,-1065.31,1.0457,2742.62,-3.00258,-1064.63,1.04626,2740.97,-2.99644
0.540137,0.375121,1,1.25106,-1065.31,1.0457,2742.62,-3.00258,-1064.63,1.04626,2740.97,-2.99644
1.57378,2.47945,1,1.25106,-1065.31,1.0457,2742.62,-3.00258,-1064.63,1.04626,2740.97,-2.99644
0.489976,0.418258,1,1.25106,-1065.31,1.0457,2742.62,-3.00258,-1064.63,1.04626,2740.97,-2.99644
0.0644246,1.1693,1,1.57772,239.522,-0.00959563,38.1596,-0.810727,239.243,-0.00814775,39.1579,-0.814194
0.0837629,1.15669,1,1.57772,239.522,-0.00959563,38.1596,-0.810727,239.243,-0.00814775,39.1579,-0.814194
2.11697,0.0320874,1,1.57772,239.522,-0.00959563,38.1596,-0.810727,239.243,-0.00814775,39.1579,-0.814194
0.807256,1.7462,1,1.57772,239.522,-0.00959563,38.1596,-0.810727,239.243,-0.00814775,39.1579,-0.814194
1.6888,0.878925,1,1.57772,239.522,-0.00959563,38.1596,-0.810727,239.243,-0.00814775,39.1579,-0.814194
0.578093,0.37791,1,1.57772,239.522,-0.00959563,38.1596,-0.810727,239.243,-0.00814775,39.1579,-0.814194
0.401515,1.2246,1,1.57772,239.522,-0.00959563,38.1596,-0.810727,239.243,-0.00814775,39.1579,-0.814194
1.29918,0.33828,1,1.57772,239.522,-0.00959563,38.1596,-0.810727,239.243,-0.00814775,39.1579,-0.814194
0.434874,0.583918,1,1.57772,239.522,-0.00959563,38.1596,-0.810727,239.243,-0.00814775,39.1579,-0.814194
0.183408,1.34182,1,1.57772,239.522,-0.00959563,38.1596,-0.810727,239.243,-0.00814775,39.1579,-0.814194
0.218131,1.39296,1,1.57772,239.522,-0.00959563,38.1596,-0.810727,239.243,-0.00814775,39.1579,-0.814194
1.14547,0.383786,1,1.57772,239.522,-0.00959563,38.1596,-0.810727,239.243,-0.00814775,39.1579,-0.814194
2.06025,0.790497,1,1.57772,239.522,-0.00959563,38.1596,-0.810727,239.243,-0.00814775,39.1579,-0.814194
0.0737097,1.2091,1,1.57772,239.522,-0.00959563,38.1596,-0.810727,239.243,-0.00814775,39.1579,-0.814194
1.88564,0.523396,1,1.57772,239.522,-0.00959563,38.1596,-0.810727,239.243,-0.00814775,39.1579,-0.814194
0.933622,2.14367,1,1.57772,239.522,-0.00959563,38.1596,-0.810727,239.243,-0.00814775,39.1579,-0.814194
0.0359084,1.25743,1,1.57772,239.522,-0.00959563,38.1596,-0.810727,239.243,-0.00814775,39.1579,-0.814194
1.83597,1.02044,1,1.13749,168.309,1.21417,-829.013,-2.68118,224.264,1.34438,-850.378,-2.72871
0.150153,1.01446,1,1.13749,168.309,1.21417,-829.013,-2.68118,224.264,1.34438,-850.378,-2.72871
1.66925,0.989915,1,1.13749,168.309,1.21417,-829.013,-2.68118,224.264,1.34438,-850.378,-2.72871
0.645781,0.184768,1,1.13749,168.309,1.21417,-829.013,-2.68118,224.264,1.34438,-850.378,-2.72871
0.633999,0.0596464,-1,1.13749,168.309,1.21417,-829.013,-2.68118,224.264,1.34438,-850.378,-2.72871
1.416,2.19249,1,1.13749,168.309,1.21417,-829.013,-2.68118,224.264,1.34438,-850.378,-2.72871
0.0678173,0.794324,1,1.13749,168.309,1.21417,-829.013,-2.68118,224.264,1.34438,-850.378,-2.72871
0.591164,1.1386,1,1.13749,168.309,1.21417,-829.013,-2.68118,224.264,1.34438,-850.378,-2.72871
2.19854,1.81271,1,1.13749,168.309,1.21417,-829.013,-2.68118,224.264,1.34438,-850.378,-2.72871
2.11962,0.162967,1,1.13749,168.309,1.21417,-829.013,-2.68118,224.264,1.34438,-850.378,-2.72871
0.383572,2.3515,1,1.13749,168.309,1.21417,-829.013,-2.68118,224.264,1.34438,-850.378,-2.72871
0.821158,1.16791,1,1.13749,168.309,1.21417,-829.013,-2.68118,224.264,1.34438,-850.378,-2.72871
2.26168,0.507376,1,1.26501,-140.341,0.335897,152.635,-0.374183,-142.061,0.338664,151.369,-0.373828
1.7822,0.62789,1,1.26501,-140.341,0.335897,152.635,-0.374183,-142.061,0.338664,151.369,-0.373828
1.42671,0.263864,1,1.26501,-140.341,0.335897,152.635,-0.374183,-142.061,0.338664,151.369,-0.373828
2.03149,1.48231,1,1.26501,-140.341,0.335897,152.635,-0.374183,-142.061,0.338664,151.369,-0.373828
2.11933,1.15322,1,1.26501,-140.341,0.335897,152.635,-0.374183,-142.061,0.338664,151.369,-0.373828
1.7638,0.789213,1,1.26501,-140.341,0.335897,152.635,-0.374183,-142.061,0.338664,151.369,-0.373828
2.04735,0.286412,1,1.26501,-140.341,0.335897,152.635,-0.374183,-142.061,0.338664,151.369,-0.373828
2.06571,0.125089,1,1.26501,-140.341,0.335897,152.635,-0.374183,-142.061,0.338664,151.369,-0.373828
1.7103,0.238918,1,1.26501,-140.341,0.335897,152.635,-0.374183,-142.061,0.338664,151.369,-0.373828
1.85934,0.699524,1,1.26501,-140.341,0.335897,152.635,-0.374183,-142.061,0.338664,151.369,-0.373828
1.65757,0.457491,1,1.26501,-140.341,0.335897,152.635,-0.374183,-142.061,0.338664,151.369,-0.373828
1.02239,0.179586,1,1.26501,-140.341,0.335897,152.635,-0.374183,-142.061,0.338664,151.369,-0.373828
1.68228,0.0507331,1,1.35402,26.9075,0.502407,-248.345,1.64939,59.5126,0.427921,-256.556,1.66667
0.576813,1.38971,1,1.35402,26.9075,0.502407,-248.345,1.64939,59.5126,0.427921,-256.556,1.66667
0.530044,0.715903,1,1.35402,26.9075,0.502407,-248.345,1.64939,59.5126,0.427921,-256.556,1.66667
1.13226,0.835865,1,1.35402,26.9075,0.502407,-248.345,1.64939,59.5126,0.427921,-256.556,1.66667
2.03928,2.32506,1,1.35402,26.9075,0.502407,-248.345,1.64939,59.5126,0.427921,-256.556,1.66667
1.10121,0.811922,1,1.35402,26.9075,0.502407,-248.345,1.64939,59.5126,0.427921,-256.556,1.66667
2.00824,2.30109,1,1.35402,26.9075,0.502407,-248.345,1.64939,59.5126,0.427921,-256.556,1.66667
1.14067,1.80279,1,1.35402,26.9075,0.502407,-248.345,1.64939,59.5126,0.427921,-256.556,1.66667
1.59661,1.00412,1,1.35402,26.9075,0.502407,-248.345,1.64939,59.5126,0.427921,-256.556,1.66667
1.90073,2.42854,1,1.35402,26.9075,0.502407,-248.345,1.64939,59.5126,0.427921,-256.556,1.66667
1.47048,1.85146,1,1.35402,26.9075,0.502407,-248.345,1.64939,59.5126,0.427921,-256.556,1.66667
1.67003,1.28551,1,1.35402,26.9075,0.502407,-248.345,1.64939,59.5126,0.427921,-256.556,1.66667
1.43945,1.82751,1,1.35402,26.9075,0.502407,-248.345,1.64939,59.5126,0.427921,-256.556,1.66667
1.70107,1.3095,1,1.35402,26.9075,0.502407,-248.345,1.64939,59.5126,0.427921,-256.556,1.66667
1.30212,1.84342,1,1.35402,26.9075,0.502407,-248.345,1.64939,59.5126,0.427921,-256.556,1.66667
1.83834,1.29354,1,1.35402,26.9075,0.502407,-248.345,1.64939,59.5126,0.427921,-256.556,1.66667
1.27108,1.81944,1,1.35402,26.9075,0.502407,-248.345,1.64939,59.5126,0.427921,-256.556,1.66667
1.86942,1.31754,1,1.35402,26.9075,0.502407,-248.345,1.64939,59.5126,0.427921,-256.556,1.66667
0.700234,0.927435,1,1.60952,-59.7124,-0.181867,-2207.8,-3.69729,-39.6907,-0.14835,-2218.73,-3.7177
1.44684,1.21323,1,1.60952,-59.7124,-0.181867,-2207.8,-3.69729,-39.6907,-0.14835,-2218.73,-3.7177
1.92458,1.15806,1,1.60952,-59.7124,-0.181867,-2207.8,-3.69729,-39.6907,-0.14835,-2218.73,-3.7177
0.264447,0.506859,1,1.60952,-59.7124,-0.181867,-2207.8,-3.69729,-39.6907,-0.14835,-2218.73,-3.7177
0.856844,0.103207,1,1.60952,-59.7124,-0.181867,-2207.8,-3.69729,-39.6907,-0.14835,-2218.73,-3.7177
0.803347,1.5617,1,1.60952,-59.7124,-0.181867,-2207.8,-3.69729,-39.6907,-0.14835,-2218.73,-3.7177
0.777333,0.897993,1,1.60952,-59.7124,-0.181867,-2207.8,-3.69729,-39.6907,-0.14835,-2218.73,-3.7177
1.4752,1.37687,1,1.60952,-59.7124,-0.181867,-2207.8,-3.69729,-39.6907,-0.14835,-2218.73,-3.7177
0.184965,0.288023,1,1.60952,-59.7124,-0.181867,-2207.8,-3.69729,-39.6907,-0.14835,-2218.73,-3.7177
1.84512,1.95291,1,1.60952,-59.7124,-0.181867,-2207.8,-3.69729,-39.6907,-0.14835,-2218.73,-3.7177
0.882827,0.766896,1,1.60952,-59.7124,-0.181867,-2207.8,-3.69729,-39.6907,-0.14835,-2218.73,-3.7177
2.09254,1.05342,1,1.60952,-59.7124,-0.181867,-2207.8,-3.69729,-39.6907,-0.14835,-2218.73,-3.7177
1.11597,0.111524,1,1.60952,-59.7124,-0.181867,-2207.8,-3.69729,-39.6907,-0.14835,-2218.73,-3.7177
0.577496,1.59453,1,1.60952,-59.7124,-0.181867,-2207.8,-3.69729,-39.6907,-0.14835,-2218.73,-3.7177
0.825782,0.932886,1,1.49732,388.58,0.0778415,554.654,-0.587822,383.433,0.0837773,564.391,-0.599333
2.08255,0.499328,1,1.49732,388.58,0.0778415,554.654,-0.587822,383.433,0.0837773,564.391,-0.599333
1.24709,2.38828,1,1.49732,388.58,0.0778415,554.654,-0.587822,383.433,0.0837773,564.391,-0.599333
1.46886,0.312224,1,1.49732,388.58,0.0778415,554.654,-0.587822,383.433,0.0837773,564.391,-0.599333
1.6438,0.840619,1,1.49732,388.58,0.0778415,554.654,-0.587822,383.433,0.0837773,564.391,-0.599333
1.45973,0.709059,1,1.49732,388.58,0.0778415,554.654,-0.587822,383.433,0.0837773,564.391,-0.599333
1.41292,1.13957,1,1.49732,388.58,0.0778415,554.654,-0.587822,383.433,0.0837773,564.391,-0.599333
0.330776,0.0359708,1,1.49732,388.58,0.0778415,554.654,-0.587822,383.433,0.0837773,564.391,-0.599333
2.28689,2.08574,1,1.49732,388.58,0.0778415,554.654,-0.587822,383.433,0.0837773,564.391,-0.599333
0.533653,1.09058,1,1.49732,388.58,0.0778415,554.654,-0.587822,383.433,0.0837773,564.391,-0.599333
1.26432,0.756826,1,1.49732,388.58,0.0778415,554.654,-0.587822,383.433,0.0837773,564.391,-0.599333
1.55362,2.04832,1,1.49732,388.58,0.0778415,554.654,-0.587822,383.433,0.0837773,564.391,-0.599333
1.05509,0.916929,1,1.49732,388.58,0.0778415,554.654,-0.587822,383.433,0.0837773,564.391,-0.599333
1.33065,0.982,1,2.05018,836.598,-1.17358,602.949,-1.97484,829.52,-1.1512,606.768,-1.97603
0.250819,2.16942,1,2.05018,836.598,-1.17358,602.949,-1.97484,829.52,-1.1512,606.768,-1.97603
0.143159,2.37677,1,2.05018,836.598,-1.17358,602.949,-1.97484,829.52,-1.1512,606.768,-1.97603
1.02223,0.736374,1,2.05018,836.598,-1.17358,602.949,-1.97484,829.52,-1.1512,606.768,-1.97603
1.94729,2.26498,1,2.05018,836.598,-1.17358,602.949,-1.97484,829.52,-1.1512,606.768,-1.97603
0.849454,0.117853,1,2.05018,836.598,-1.17358,602.949,-1.97484,829.52,-1.1512,606.768,-1.97603
1.72585,2.44307,1,2.05018,836.598,-1.17358,602.949,-1.97484,829.52,-1.1512,606.768,-1.97603
2.35592,1.58268,1,2.05018,836.598,-1.17358,602.949,-1.97484,829.52,-1.1512,606.768,-1.97603
0.219391,0.978227,1,2.05018,836.598,-1.17358,602.949,-1.97484,829.52,-1.1512,606.768,-1.97603
0.385907,0.251944,1,2.05018,836.598,-1.17358,602.949,-1.97484,829.52,-1.1512,606.768,-1.97603
0.358335,0.20125,1,2.05018,836.598,-1.17358,602.949,-1.97484,829.52,-1.1512,606.768,-1.97603
0.868161,1.03013,1,2.05018,836.598,-1.17358,602.949,-1.97484,829.52,-1.1512,606.768,-1.97603
0.19223,2.09892,1,2.05018,836.598,-1.17358,602.949,-1.97484,829.52,-1.1512,606.768,-1.97603
1.12518,0.486813,1,2.05018,836.598,-1.17358,602.949,-1.97484,829.52,-1.1512,606.768,-1.97603
1.82503,2.45275,1,2.05018,836.598,-1.17358,602.949,-1.97484,829.52,-1.1512,606.768,-1.97603
1.47152,0.854048,1,2.05018,836.598,-1.17358,602.949,-1.97484,829.52,-1.1512,606.768,-1.97603
0.620995,0.132481,1,1.79957,496.353,-0.849819,2980.58,-3.28507,460.611,-0.811636,3021.82,-3.33899
2.36784,1.89928,1,1.79957,496.353,-0.849819,2980.58,-3.28507,460.611,-0.811636,3021.82,-3.33899
1.45085,0.907226,1,1.79957,496.353,-0.849819,2980.58,-3.28507,460.611,-0.811636,3021.82,-3.33899
1.12583,1.63444,1,1.79957,496.353,-0.849819,2980.58,-3.28507,460.611,-0.811636,3021.82,-3.33899
0.296035,0.859682,1,1.79957,496.353,-0.849819,2980.58,-3.28507,460.611,-0.811636,3021.82,-3.33899
2.35037,2.24177,1,1.79957,496.353,-0.849819,2980.58,-3.28507,460.611,-0.811636,3021.82,-3.33899
1.80331,1.88268,1,1.79957,496.353,-0.849819,2980.58,-3.28507,460.611,-0.811636,3021.82,-3.33899
0.164148,0.121883,1,1.79957,496.353,-0.849819,2980.58,-3.28507,460.611,-0.811636,3021.82,-3.33899
2.13163,2.12639,1,1.79957,496.353,-0.849819,2980.58,-3.28507,460.611,-0.811636,3021.82,-3.33899
1.58457,1.76741,1,1.79957,496.353,-0.849819,2980.58,-3.28507,460.611,-0.811636,3021.82,-3.33899
0.382894,0.237145,1,1.79957,496.353,-0.849819,2980.58,-3.28507,460.611,-0.811636,3021.82,-3.33899
2.22722,1.62302,1,1.79957,496.353,-0.849819,2980.58,-3.28507,460.611,-0.811636,3021.82,-3.33899
1.01477,1.58636,1,1.79957,496.353,-0.849819,2980.58,-3.28507,460.611,-0.811636,3021.82,-3.33899
1.99173,1.45363,1,1.79957,496.353,-0.849819,2980.58,-3.28507,460.611,-0.811636,3021.82,-3.33899
1.2503,1.75569,1,1.79957,496.353,-0.849819,2980.58,-3.28507,460.611,-0.811636,3021.82,-3.33899
1.00815,0.874542,1,2.45556,23.6132,-1.52567,-329.752,-0.749921,24.0054,-1.5262,-330.24,-0.748768
1.9388,2.07313,1,2.45556,23.6132,-1.52567,-329.752,-0.749921,24.0054,-1.5262,-330.24,-0.748768
1.36082,1.22586,1,2.45556,23.6132,-1.52567,-329.752,-0.749921,24.0054,-1.5262,-330.24,-0.748768
1.2883,0.45932,1,2.45556,23.6132,-1.52567,-329.752,-0.749921,24.0054,-1.5262,-330.24,-0.748768
1.15724,0.322555,1,2.45556,23.6132,-1.52567,-329.752,-0.749921,24.0054,-1.5262,-330.24,-0.748768
0.44645,0.0140101,1,2.45556,23.6132,-1.52567,-329.752,-0.749921,24.0054,-1.5262,-330.24,-0.748768
1.05831,1.49403,1,2.45556,23.6132,-1.52567,-329.752,-0.749921,24.0054,-1.5262,-330.24,-0.748768
1.57057,1.40215,1,2.45556,23.6132,-1.52567,-329.752,-0.749921,24.0054,-1.5262,-330.24,-0.748768
0.643969,0.807813,1,2.45556,23.6132,-1.52567,-329.752,-0.749921,24.0054,-1.5262,-330.24,-0.748768
0.195792,0.184255,1,2.45556,23.6132,-1.52567,-329.752,-0.749921,24.0054,-1.5262,-330.24,-0.748768
0.319903,0.303809,1,2.45556,23.6132,-1.52567,-329.752,-0.749921,24.0054,-1.5262,-330.24,-0.748768
0.672557,0.655127,1,2.45556,23.6132,-1.52567,-329.752,-0.749921,24.0054,-1.5262,-330.24,-0.748768
1.82955,1.74133,1,2.45556,23.6132,-1.52567,-329.752,-0.749921,24.0054,-1.5262,-330.24,-0.748768
2.33665,2.42288,1,2.45556,23.6132,-1.52567,-329.752,-0.749921,24.0054,-1.5262,-330.24,-0.748768
0.384972,0.468596,1,2.45556,23.6132,-1.52567,-329.752,-0.749921,24.0054,-1.5262,-330.24,-0.748768
1.9077,1.69289,1,2.45556,23.6132,-1.52567,-329.752,-0.749921,24.0054,-1.5262,-330.24,-0.748768
1.14787,1.731,1,2.3058,3762.53,-3.63848,4099.05,-3.95768,3805.16,-3.68144,4092.34,-3.94759
0.805472,0.193035,1,2.3058,3762.53,-3.63848,4099.05,-3.95768,3805.16,-3.68144,4092.34,-3.94759
0.528415,1.15175,1,2.3058,3762.53,-3.63848,4099.05,-3.95768,3805.16,-3.68144,4092.34,-3.94759
1.5198,0.958492,1,2.3058,3762.53,-3.63848,4099.05,-3.95768,3805.16,-3.68144,4092.34,-3.94759
0.185964,0.386223,1,2.3058,3762.53,-3.63848,4099.05,-3.95768,3805.16,-3.68144,4092.34,-3.94759
2.27317,1.40947,1,2.3058,3762.53,-3.63848,4099.05,-3.95768,3805.16,-3.68144,4092.34,-3.94759
0.939229,0.064762,1,2.3058,3762.53,-3.63848,4099.05,-3.95768,3805.16,-3.68144,4092.34,-3.94759
0.394621,1.28009,1,2.3058,3762.53,-3.63848,4099.05,-3.95768,3805.16,-3.68144,4092.34,-3.94759
0.326114,0.538941,1,2.3058,3762.53,-3.63848,4099.05,-3.95768,3805.16,-3.68144,4092.34,-3.94759
1.46529,1.68293,1,2.3058,3762.53,-3.63848,4099.05,-3.95768,3805.16,-3.68144,4092.34,-3.94759
0.130315,0.365459,1,2.3058,3762.53,-3.63848,4099.05,-3.95768,3805.16,-3.68144,4092.34,-3.94759
1.2695,1.50933,1,2.3058,3762.53,-3.63848,4099.05,-3.95768,3805.16,-3.68144,4092.34,-3.94759
1.95218,1.74891,1,2.3058,3762.53,-3.63848,4099.05,-3.95768,3805.16,-3.68144,4092.34,-3.94759
0.813065,0.604928,1,2.3058,3762.53,-3.63848,4099.05,-3.95768,3805.16,-3.68144,4092.34,-3.94759
2.14803,1.92246,1,2.3058,3762.53,-3.63848,4099.05,-3.95768,3805.16,-3.68144,4092.34,-3.94759
1.24029,1.88561,1,1.50951,-173.355,0.132982,2737.64,-2.74448,-212.657,0.180049,2742.42,-2.75204
0.994647,0.345671,1,1.50951,-173.355,0.132982,2737.64,-2.74448,-212.657,0.180049,2742.42,-2.75204
1.77264,2.40772,1,1.50951,-173.355,0.132982,2737.64,-2.74448,-212.657,0.180049,2742.42,-2.75204
0.462176,0.176478,1,1.50951,-173.355,0.132982,2737.64,-2.74448,-212.657,0.180049,2742.42,-2.75204
0.118846,0.358722,1,1.50951,-173.355,0.132982,2737.64,-2.74448,-212.657,0.180049,2742.42,-2.75204
2.04846,1.82241,1,1.50951,-173.355,0.132982,2737.64,-2.74448,-212.657,0.180049,2742.42,-2.75204
0.460194,0.739017,1,1.50951,-173.355,0.132982,2737.64,-2.74448,-212.657,0.180049,2742.42,-2.75204
1.70707,1.44207,1,1.50951,-173.355,0.132982,2737.64,-2.74448,-212.657,0.180049,2742.42,-2.75204
2.0162,2.30742,1,1.50951,-173.355,0.132982,2737.64,-2.74448,-212.657,0.180049,2742.42,-2.75204
0.698956,0.449422,1,1.50951,-173.355,0.132982,2737.64,-2.74448,-212.657,0.180049,2742.42,-2.75204
0.103446,0.273122,1,1.50951,-173.355,0.132982,2737.64,-2.74448,-212.657,0.180049,2742.42,-2.75204
0.996644,1.04233,1,1.50951,-173.355,0.132982,2737.64,-2.74448,-212.657,0.180049,2742.42,-2.75204
1.23827,1.18888,1,1.50951,-173.355,0.132982,2737.64,-2.74448,-212.657,0.180049,2742.42,-2.75204
0.464169,0.520106,1,1.50951,-173.355,0.132982,2737.64,-2.74448,-212.657,0.180049,2742.42,-2.75204
1.77078,1.71107,1,1.50951,-173.355,0.132982,2737.64,-2.74448,-212.657,0.180049,2742.42,-2.75204
1.92585,2.00703,1,1.2401,-66.9248,0.495381,622.778,1.04506,-67.6065,0.496383,623.127,1.04554
1.37266,0.659514,1,1.2401,-66.9248,0.495381,622.778,1.04506,-67.6065,0.496383,623.127,1.04554
2.2868,1.92125,1,1.2401,-66.9248,0.495381,622.778,1.04506,-67.6065,0.496383,623.127,1.04554
1.16705,1.53376,1,1.2401,-66.9248,0.495381,622.778,1.04506,-67.6065,0.496383,623.127,1.04554
1.52471,2.28199,1,1.2401,-66.9248,0.495381,622.778,1.04506,-67.6065,0.496383,623.127,1.04554
1.69342,1.34562,1,1.2401,-66.9248,0.495381,622.778,1.04506,-67.6065,0.496383,623.127,1.04554
0.472654,0.631443,1,1.2401,-66.9248,0.495381,622.778,1.04506,-67.6065,0.496383,623.127,1.04554
1.22054,0.112096,1,1.2401,-66.9248,0.495381,622.778,1.04506,-67.6065,0.496383,623.127,1.04554
1.46269,0.0922114,1,1.2401,-66.9248,0.495381,622.778,1.04506,-67.6065,0.496383,623.127,1.04554
1.51433,0.777969,1,1.2401,-66.9248,0.495381,622.778,1.04506,-67.6065,0.496383,623.127,1.04554
0.641181,0.97207,1,1.2401,-66.9248,0.495381,622.778,1.04506,-67.6065,0.496383,623.127,1.04554
1.53961,1.16528,1,1.92232,101.562,-0.497302,673.79,0.89745,104.136,-0.493203,672.612,0.896236
0.839785,0.465027,1,1.92232,101.562,-0.497302,673.79,0.89745,104.136,-0.493203,672.612,0.896236
1.05619,0.0232226,1,1.92232,101.562,-0.497302,673.79,0.89745,104.136,-0.493203,672.612,0.896236
0.541234,1.62748,1,1.92232,101.562,-0.497302,673.79,0.89745,104.136,-0.493203,672.612,0.896236
2.10917,1.21515,1,1.92232,101.562,-0.497302,673.79,0.89745,104.136,-0.493203,672.612,0.896236
0.805914,1.15988,1,1.92232,101.562,-0.497302,673.79,0.89745,104.136,-0.493203,672.612,0.896236
1.50569,1.8602,1,1.92232,101.562,-0.497302,673.79,0.89745,104.136,-0.493203,672.612,0.896236
2.01478,1.67168,1,1.92232,101.562,-0.497302,673.79,0.89745,104.136,-0.493203,672.612,0.896236
1.31492,0.971386,1,1.92232,101.562,-0.497302,673.79,0.89745,104.136,-0.493203,672.612,0.896236
1.42725,1.54685,1,1.92232,101.562,-0.497302,673.79,0.89745,104.136,-0.493203,672.612,0.896236
1.92322,1.40229,1,1.92232,101.562,-0.497302,673.79,0.89745,104.136,-0.493203,672.612,0.896236
0.845222,0.761451,1,1.92232,101.562,-0.497302,673.79,0.89745,104.136,-0.493203,672.612,0.896236
1.30659,1.99826,1,1.92232,101.562,-0.497302,673.79,0.89745,104.136,-0.493203,672.612,0.896236
0.44383,0.268464,1,1.92232,101.562,-0.497302,673.79,0.89745,104.136,-0.493203,672.612,0.896236
1.83423,1.24188,1,1.92232,101.562,-0.497302,673.79,0.89745,104.136,-0.493203,672.612,0.896236
0.228556,1.35737,1,1.92232,101.562,-0.497302,673.79,0.89745,104.136,-0.493203,672.612,0.896236
1.5218,0.37244,1,1.92232,101.562,-0.497302,673.79,0.89745,104.136,-0.493203,672.612,0.896236
1.96059,0.938833,1,1.92232,101.562,-0.497302,673.79,0.89745,104.136,-0.493203,672.612,0.896236
0.489618,1.19003,1,1.92232,101.562,-0.497302,673.79,0.89745,104.136,-0.493203,672.612,0.896236
2.308,1.77682,1,1.18524,-466.612,2.05378,1412,-4.38633,-373.608,1.83778,1428.43,-4.41772
0.270853,0.788785,1,1.18524,-466.612,2.05378,1412,-4.38633,-373.608,1.83778,1428.43,-4.41772
1.01857,0.49402,1,1.18524,-466.612,2.05378,1412,-4.38633,-373.608,1.83778,1428.43,-4.41772
1.8018,1.30164,1,1.18524,-466.612,2.05378,1412,-4.38633,-373.608,1.83778,1428.43,-4.41772
1.56028,2.07158,1,1.18524,-466.612,2.05378,1412,-4.38633,-373.608,1.83778,1428.43,-4.41772
0.777061,1.26397,1,1.18524,-466.612,2.05378,1412,-4.38633,-373.608,1.83778,1428.43,-4.41772
0.512374,0.0188383,1,1.18524,-466.612,2.05378,1412,-4.38633,-373.608,1.83778,1428.43,-4.41772
1.58675,1.97301,1,1.18524,-466.612,2.05378,1412,-4.38633,-373.608,1.83778,1428.43,-4.41772
0.297302,0.690212,1,1.18524,-466.612,2.05378,1412,-4.38633,-373.608,1.83778,1428.43,-4.41772
1.08053,1.49782,1,1.18524,-466.612,2.05378,1412,-4.38633,-373.608,1.83778,1428.43,-4.41772
1.49832,1.06777,1,1.18524,-466.612,2.05378,1412,-4.38633,-373.608,1.83778,1428.43,-4.41772
0.992094,0.592625,1,1.18524,-466.612,2.05378,1412,-4.38633,-373.608,1.83778,1428.43,-4.41772
2.28154,1.8754,1,1.18524,-466.612,2.05378,1412,-4.38633,-373.608,1.83778,1428.43,-4.41772
0.186522,0.428658,1,1.18524,-466.612,2.05378,1412,-4.38633,-373.608,1.83778,1428.43,-4.41772
1.19167,0.911873,1,1.18524,-466.612,2.05378,1412,-4.38633,-373.608,1.83778,1428.43,-4.41772
1.64744,1.50672,1,1.18524,-466.612,2.05378,1412,-4.38633,-373.608,1.83778,1428.43,-4.41772
1.56471,1.76918,1,1.18524,-466.612,2.05378,1412,-4.38633,-373.608,1.83778,1428.43,-4.41772
1.10896,1.17432,1,1.18524,-466.612,2.05378,1412,-4.38633,-373.608,1.83778,1428.43,-4.41772
0.26923,0.166189,1,1.18524,-466.612,2.05378,1412,-4.38633,-373.608,1.83778,1428.43,-4.41772
1.68077,1.80242,1,1.54476,447.978,0.0424061,-244.98,-1.1281,447.684,0.0389202,-245.867,-1.12679
0.857524,0.985169,1,1.54476,447.978,0.0424061,-244.98,-1.1281,447.684,0.0389202,-245.867,-1.12679
0.959048,0.169192,1,1.54476,447.978,0.0424061,-244.98,-1.1281,447.684,0.0389202,-245.867,-1.12679
0.884817,1.67564,1,1.54476,447.978,0.0424061,-244.98,-1.1281,447.684,0.0389202,-245.867,-1.12679
2.19606,1.02299,1,1.54476,447.978,0.0424061,-244.98,-1.1281,447.684,0.0389202,-245.867,-1.12679
0.500012,0.690218,1,1.54476,447.978,0.0424061,-244.98,-1.1281,447.684,0.0389202,-245.867,-1.12679
2.12374,1.31258,1,1.54476,447.978,0.0424061,-244.98,-1.1281,447.684,0.0389202,-245.867,-1.12679
0.427687,0.400569,1,1.54476,447.978,0.0424061,-244.98,-1.1281,447.684,0.0389202,-245.867,-1.12679
0.0289637,0.182063,1,1.54476,447.978,0.0424061,-244.98,-1.1281,447.684,0.0389202,-245.867,-1.12679
0.852177,0.99933,1,1.54476,447.978,0.0424061,-244.98,-1.1281,447.684,0.0389202,-245.867,-1.12679
1.22351,0.414207,1,1.54476,447.978,0.0424061,-244.98,-1.1281,447.684,0.0389202,-245.867,-1.12679
1.31819,1.16605,1,1.54476,447.978,0.0424061,-244.98,-1.1281,447.684,0.0389202,-245.867,-1.12679
0.377931,0.547137,1,1.54476,447.978,0.0424061,-244.98,-1.1281,447.684,0.0389202,-245.867,-1.12679
1.77254,2.14475,1,1.54476,447.978,0.0424061,-244.98,-1.1281,447.684,0.0389202,-245.867,-1.12679
1.24588,1.45567,1,1.54476,447.978,0.0424061,-244.98,-1.1281,447.684,0.0389202,-245.867,-1.12679
0.450237,0.257547,1,1.54476,447.978,0.0424061,-244.98,-1.1281,447.684,0.0389202,-245.867,-1.12679
0.792707,0.329132,1,1.54476,447.978,0.0424061,-244.98,-1.1281,447.684,0.0389202,-245.867,-1.12679
1.82404,1.3729,1,1.54476,447.978,0.0424061,-244.98,-1.1281,447.684,0.0389202,-245.867,-1.12679
0.493726,0.0376741,1,1.54476,447.978,0.0424061,-244.98,-1.1281,447.684,0.0389202,-245.867,-1.12679
1.47003,1.07118,1,1.54476,447.978,0.0424061,-244.98,-1.1281,447.684,0.0389202,-245.867,-1.12679
2.05706,1.91388,1,1.54476,447.978,0.0424061,-244.98,-1.1281,447.684,0.0389202,-245.867,-1.12679
1.73442,1.85712,1,1.54476,447.978,0.0424061,-244.98,-1.1281,447.684,0.0389202,-245.867,-1.12679
1.79061,2.4058,1,0.785391,-81.4583,4.97918,-12.3591,-4.5315,-79.7977,4.90747,7.68298,-4.80654
2.32988,1.71596,1,0.785391,-81.4583,4.97918,-12.3591,-4.5315,-79.7977,4.90747,7.68298,-4.80654
1.29975,0.68552,1,0.785391,-81.4583,4.97918,-12.3591,-4.5315,-79.7977,4.90747,7.68298,-4.80654
1.62678,1.01435,1,0.785391,-81.4583,4.97918,-12.3591,-4.5315,-79.7977,4.90747,7.68298,-4.80654
0.596666,0.0160819,1,0.785391,-81.4583,4.97918,-12.3591,-4.5315,-79.7977,4.90747,7.68298,-4.80654
0.269638,0.344914,1,0.785391,-81.4583,4.97918,-12.3591,-4.5315,-79.7977,4.90747,7.68298,-4.80654
0.76048,1.37537,1,0.785391,-81.4583,4.97918,-12.3591,-4.5315,-79.7977,4.90747,7.68298,-4.80654
0.87206,1.31728,1,0.785391,-81.4583,4.97918,-12.3591,-4.5315,-79.7977,4.90747,7.68298,-4.80654
0.0283465,0.398036,1,0.785391,-81.4583,4.97918,-12.3591,-4.5315,-79.7977,4.90747,7.68298,-4.80654
1.27598,1.6152,1,0.785391,-81.4583,4.97918,-12.3591,-4.5315,-79.7977,4.90747,7.68298,-4.80654
0.928768,0.521212,1,0.785391,-81.4583,4.97918,-12.3591,-4.5315,-79.7977,4.90747,7.68298,-4.80654
1.82918,1.44047,1,0.785391,-81.4583,4.97918,-12.3591,-4.5315,-79.7977,4.90747,7.68298,-4.80654
0.524855,0.22331,1,0.785391,-81.4583,4.97918,-12.3591,-4.5315,-79.7977,4.90747,7.68298,-4.80654
1.42526,1.14255,1,0.785391,-81.4583,4.97918,-12.3591,-4.5315,-79.7977,4.90747,7.68298,-4.80654
1.6245,1.06697,1,0.785391,-81.4583,4.97918,-12.3591,-4.5315,-79.7977,4.90747,7.68298,-4.80654
0.762771,1.32274,1,0.785391,-81.4583,4.97918,-12.3591,-4.5315,-79.7977,4.90747,7.68298,-4.80654
2.25079,1.56592,1,1.75771,143.35,-0.78121,-870.48,-3.63621,161.921,-0.715621,-870.525,-3.64937
0.324447,0.339743,1,1.75771,143.35,-0.78121,-870.48,-3.63621,161.921,-0.715621,-870.525,-3.64937
1.6019,2.24537,1,1.75771,143.35,-0.78121,-870.48,-3.63621,161.921,-0.715621,-870.525,-3.64937
0.657678,0.0511176,1,1.75771,143.35,-0.78121,-870.48,-3.63621,161.921,-0.715621,-870.525,-3.64937
1.26865,1.85449,1,1.75771,143.35,-0.78121,-870.48,-3.63621,161.921,-0.715621,-870.525,-3.64937
0.128176,0.995186,1,1.75771,143.35,-0.78121,-870.48,-3.63621,161.921,-0.715621,-870.525,-3.64937
1.75464,0.629562,1,1.75771,143.35,-0.78121,-870.48,-3.63621,161.921,-0.715621,-870.525,-3.64937
0.594724,0.53514,1,1.75771,143.35,-0.78121,-870.48,-3.63621,161.921,-0.715621,-870.525,-3.64937
2.22121,1.08961,1,1.75771,143.35,-0.78121,-870.48,-3.63621,161.921,-0.715621,-870.525,-3.64937
1.84822,1.11024,1,1.75771,143.35,-0.78121,-870.48,-3.63621,161.921,-0.715621,-870.525,-3.64937
0.0555047,0.697259,1,1.75771,143.35,-0.78121,-870.48,-3.63621,161.921,-0.715621,-870.525,-3.64937
0.75889,0.0345471,1,1.75771,143.35,-0.78121,-870.48,-3.63621,161.921,-0.715621,-870.525,-3.64937
0.610778,0.603491,1,2.19519,1971.47,-3.73663,2107.27,-4.69028,1900.77,-3.57313,2179.09,-4.85681
1.64486,1.6379,1,2.19519,1971.47,-3.73663,2107.27,-4.69028,1900.77,-3.57313,2179.09,-4.85681
1.4573,1.46535,1,2.19519,1971.47,-3.73663,2107.27,-4.69028,1900.77,-3.57313,2179.09,-4.85681
0.42325,0.430928,1,2.19519,1971.47,-3.73663,2107.27,-4.69028,1900.77,-3.57313,2179.09,-4.85681
1.80654,1.81662,1,2.19519,1971.47,-3.73663,2107.27,-4.69028,1900.77,-3.57313,2179.09,-4.85681
0.772515,0.782222,1,2.19519,1971.47,-3.73663,2107.27,-4.69028,1900.77,-3.57313,2179.09,-4.85681
0.26157,0.252197,1,2.19519,1971.47,-3.73663,2107.27,-4.69028,1900.77,-3.57313,2179.09,-4.85681
1.2956,1.2866,1,2.19519,1971.47,-3.73663,2107.27,-4.69028,1900.77,-3.57313,2179.09,-4.85681
0.623962,0.553173,1,2.19519,1971.47,-3.73663,2107.27,-4.69028,1900.77,-3.57313,2179.09,-4.85681
0.410056,0.481207,1,2.19519,1971.47,-3.73663,2107.27,-4.69028,1900.77,-3.57313,2179.09,-4.85681
2.00729,1.93885,1,2.19519,1971.47,-3.73663,2107.27,-4.69028,1900.77,-3.57313,2179.09,-4.85681
0.973256,0.904433,1,2.19519,1971.47,-3.73663,2107.27,-4.69028,1900.77,-3.57313,2179.09,-4.85681
1.44412,1.51565,1,2.19519,1971.47,-3.73663,2107.27,-4.69028,1900.77,-3.57313,2179.09,-4.85681
0.0608559,0.129972,1,2.19519,1971.47,-3.73663,2107.27,-4.69028,1900.77,-3.57313,2179.09,-4.85681
1.09491,1.16436,1,2.19519,1971.47,-3.73663,2107.27,-4.69028,1900.77,-3.57313,2179.09,-4.85681
1.86996,0.261104,1,1.42075,-403.998,0.168019,85.4549,-0.467526,-399.796,0.169287,90.6573,-0.469293
1.07505,1.61978,1,1.42075,-403.998,0.168019,85.4549,-0.467526,-399.796,0.169287,90.6573,-0.469293
0.41391,1.30756,1,1.42075,-403.998,0.168019,85.4549,-0.467526,-399.796,0.169287,90.6573,-0.469293
0.107694,0.0504409,1,1.35714,173.965,0.560988,260.668,-2.44874,174.105,0.572158,260.947,-2.44033
2.42466,2.26236,1,1.35714,173.965,0.560988,260.668,-2.44874,174.105,0.572158,260.947,-2.44033
0.657808,0.804063,1,1.35714,173.965,0.560988,260.668,-2.44874,174.105,0.572158,260.947,-2.44033
1.65919,1.50875,1,1.35714,173.965,0.560988,260.668,-2.44874,174.105,0.572158,260.947,-2.44033
2.20929,2.36325,1,1.35714,173.965,0.560988,260.668,-2.44874,174.105,0.572158,260.947,-2.44033
0.90204,0.491209,1,1.35714,173.965,0.560988,260.668,-2.44874,174.105,0.572158,260.947,-2.44033
1.52739,1.96704,1,1.35714,173.965,0.560988,260.668,-2.44874,174.105,0.572158,260.947,-2.44033
2.24492,1.78026,1,1.35714,173.965,0.560988,260.668,-2.44874,174.105,0.572158,260.947,-2.44033
1.5243,1.6078,1,1.35714,173.965,0.560988,260.668,-2.44874,174.105,0.572158,260.947,-2.44033
1.05313,0.959011,1,1.35714,173.965,0.560988,260.668,-2.44874,174.105,0.572158,260.947,-2.44033
0.0116584,0.125896,1,1.35714,173.965,0.560988,260.668,-2.44874,174.105,0.572158,260.947,-2.44033
0.60159,1.21439,1,1.35714,173.965,0.560988,260.668,-2.44874,174.105,0.572158,260.947,-2.44033
1.7154,1.09844,1,1.35714,173.965,0.560988,260.668,-2.44874,174.105,0.572158,260.947,-2.44033
0.163886,0.460731,1,1.35714,173.965,0.560988,260.668,-2.44874,174.105,0.572158,260.947,-2.44033
1.02643,0.824335,1,1.35714,173.965,0.560988,260.668,-2.44874,174.105,0.572158,260.947,-2.44033
1.62951,1.83362,1,1.35714,173.965,0.560988,260.668,-2.44874,174.105,0.572158,260.947,-2.44033
1.94211,1.73619,1,1.35714,173.965,0.560988,260.668,-2.44874,174.105,0.572158,260.947,-2.44033
0.713864,0.921778,1,1.35714,173.965,0.560988,260.668,-2.44874,174.105,0.572158,260.947,-2.44033
0.746792,0.842979,1,0.765142,-2463.65,4.435,2488.95,-4.19954,-2453.46,4.4693,2504,-4.17373
1.75605,1.85319,1,0.765142,-2463.65,4.435,2488.95,-4.19954,-2453.46,4.4693,2504,-4.17373
2.07176,1.973,1,0.765142,-2463.65,4.435,2488.95,-4.19954,-2453.46,4.4693,2504,-4.17373
1.06252,0.962798,1,0.765142,-2463.65,4.435,2488.95,-4.19954,-2453.46,4.4693,2504,-4.17373
0.0532554,0.0474023,1,0.765142,-2463.65,4.435,2488.95,-4.19954,-2453.46,4.4693,2504,-4.17373
0.955964,1.05757,1,0.765142,-2463.65,4.435,2488.95,-4.19954,-2453.46,4.4693,2504,-4.17373
1.27166,1.17741,1,0.765142,-2463.65,4.435,2488.95,-4.19954,-2453.46,4.4693,2504,-4.17373
0.262454,0.167197,1,0.765142,-2463.65,4.435,2488.95,-4.19954,-2453.46,4.4693,2504,-4.17373
1.50638,1.43964,1,0.765142,-2463.65,4.435,2488.95,-4.19954,-2453.46,4.4693,2504,-4.17373
0.497146,0.42947,1,0.765142,-2463.65,4.435,2488.95,-4.19954,-2453.46,4.4693,2504,-4.17373
2.30645,2.23528,1,0.765142,-2463.65,4.435,2488.95,-4.19954,-2453.46,4.4693,2504,-4.17373
1.2972,1.22508,1,0.765142,-2463.65,4.435,2488.95,-4.19954,-2453.46,4.4693,2504,-4.17373
0.287991,0.214875,1,0.765142,-2463.65,4.435,2488.95,-4.19954,-2453.46,4.4693,2504,-4.17373
0.721253,0.795361,1,0.765142,-2463.65,4.435,2488.95,-4.19954,-2453.46,4.4693,2504,-4.17373
1.73052,1.80553,1,0.765142,-2463.65,4.435,2488.95,-4.19954,-2453.46,4.4693,2504,-4.17373
0.512099,0.580734,1,0.765142,-2463.65,4.435,2488.95,-4.19954,-2453.46,4.4693,2504,-4.17373
1.52131,1.59094,1,0.765142,-2463.65,4.435,2488.95,-4.19954,-2453.46,4.4693,2504,-4.17373
0.163283,0.210908,1,1.4145,-715.873,1.50851,725.451,-7.94935,-477.377,-1.94776,204.426,-0.312727
0.0588493,0.759491,1,1.3739,307.546,0.23794,392.299,-0.658463,307.437,0.238804,393.068,-0.659194
0.596565,0.225606,1,1.3739,307.546,0.23794,392.299,-0.658463,307.437,0.238804,393.068,-0.659194
1.17856,0.454723,1,1.3739,307.546,0.23794,392.299,-0.658463,307.437,0.238804,393.068,-0.659194
1.71634,0.988581,1,1.3739,307.546,0.23794,392.299,-0.658463,307.437,0.238804,393.068,-0.659194
0.353215,0.28643,1,1.3739,307.546,0.23794,392.299,-0.658463,307.437,0.238804,393.068,-0.659194
0.341836,0.300088,1,1.3739,307.546,0.23794,392.299,-0.658463,307.437,0.238804,393.068,-0.659194
1.75304,1.31152,1,1.3739,307.546,0.23794,392.299,-0.658463,307.437,0.238804,393.068,-0.659194
0.299842,0.141137,1,1.3739,307.546,0.23794,392.299,-0.658463,307.437,0.238804,393.068,-0.659194
0.0192962,0.415925,1,1.3739,307.546,0.23794,392.299,-0.658463,307.437,0.238804,393.068,-0.659194
1.1338,0.657709,1,1.3739,307.546,0.23794,392.299,-0.658463,307.437,0.238804,393.068,-0.659194
1.66107,2.14078,1,1.3739,307.546,0.23794,392.299,-0.658463,307.437,0.238804,393.068,-0.659194
0.754849,0.961163,1,1.3739,307.546,0.23794,392.299,-0.658463,307.437,0.238804,393.068,-0.659194
0.491484,0.702833,1,1.3739,307.546,0.23794,392.299,-0.658463,307.437,0.238804,393.068,-0.659194
2.12611,1.50519,1,1.3739,307.546,0.23794,392.299,-0.658463,307.437,0.238804,393.068,-0.659194
0.668803,1.2933,1,1.3739,307.546,0.23794,392.299,-0.658463,307.437,0.238804,393.068,-0.659194
0.0732009,0.186525,1,1.3739,307.546,0.23794,392.299,-0.658463,307.437,0.238804,393.068,-0.659194
0.811265,1.07644,1,1.3739,307.546,0.23794,392.299,-0.658463,307.437,0.238804,393.068,-0.659194
1.66207,1.18413,1,1.3739,307.546,0.23794,392.299,-0.658463,307.437,0.238804,393.068,-0.659194
2.0641,1.4742,1,1.3739,307.546,0.23794,392.299,-0.658463,307.437,0.238804,393.068,-0.659194
1.17956,0.584242,1,1.3739,307.546,0.23794,392.299,-0.658463,307.437,0.238804,393.068,-0.659194
0.484356,0.219706,1,1.3739,307.546,0.23794,392.299,-0.658463,307.437,0.238804,393.068,-0.659194
1.31331,2.09086,1,1.27018,-1275.59,1.56231,3323.74,-4.78393,-1253.06,1.53832,3377.39,-4.85162
0.755482,1.56579,1,1.27018,-1275.59,1.56231,3323.74,-4.78393,-1253.06,1.53832,3377.39,-4.85162
1.38783,0.627936,1,1.27018,-1275.59,1.56231,3323.74,-4.78393,-1253.06,1.53832,3377.39,-4.85162
0.0372897,0.731476,1,1.27018,-1275.59,1.56231,3323.74,-4.78393,-1253.06,1.53832,3377.39,-4.85162
0.880938,0.617285,1,1.27018,-1275.59,1.56231,3323.74,-4.78393,-1253.06,1.53832,3377.39,-4.85162
1.56986,1.40445,1,1.27018,-1275.59,1.56231,3323.74,-4.78393,-1253.06,1.53832,3377.39,-4.85162
0.150455,0.0378153,1,1.27018,-1275.59,1.56231,3323.74,-4.78393,-1253.06,1.53832,3377.39,-4.85162
1.26901,1.47999,1,1.27018,-1275.59,1.56231,3323.74,-4.78393,-1253.06,1.53832,3377.39,-4.85162
1.87316,1.62317,1,1.27018,-1275.59,1.56231,3323.74,-4.78393,-1253.06,1.53832,3377.39,-4.85162
0.453736,0.180969,1,1.27018,-1275.59,1.56231,3323.74,-4.78393,-1253.06,1.53832,3377.39,-4.85162
0.965721,1.2613,1,1.27018,-1275.59,1.56231,3323.74,-4.78393,-1253.06,1.53832,3377.39,-4.85162
0.510757,0.0111211,1,2.14874,1455.08,-1.40266,2662.29,-1.94364,1508.85,-1.44571,2677.91,-1.95785
1.71875,0.733318,1,2.14874,1455.08,-1.40266,2662.29,-1.94364,1508.85,-1.44571,2677.91,-1.95785
2.03139,0.879208,1,2.14874,1455.08,-1.40266,2662.29,-1.94364,1508.85,-1.44571,2677.91,-1.95785
1.39423,0.113181,1,2.14874,1455.08,-1.40266,2662.29,-1.94364,1508.85,-1.44571,2677.91,-1.95785
0.942179,1.23541,1,2.14874,1455.08,-1.40266,2662.29,-1.94364,1508.85,-1.44571,2677.91,-1.95785
1.3729,0.912608,1,2.14874,1455.08,-1.40266,2662.29,-1.94364,1508.85,-1.44571,2677.91,-1.95785
0.543537,1.81102,1,2.03011,1376.54,-1.42043,2525.04,-2.60598,1339.64,-1.38485,2536.24,-2.6145
1.54009,0.260138,1,2.03011,1376.54,-1.42043,2525.04,-2.60598,1339.64,-1.38485,2536.24,-2.6145
1.24008,0.578487,1,2.03011,1376.54,-1.42043,2525.04,-2.60598,1339.64,-1.38485,2536.24,-2.6145
0.807533,1.4686,1,2.03011,1376.54,-1.42043,2525.04,-2.60598,1339.64,-1.38485,2536.24,-2.6145
1.24528,0.581842,1,2.03011,1376.54,-1.42043,2525.04,-2.60598,1339.64,-1.38485,2536.24,-2.6145
0.802354,1.4651,1,2.03011,1376.54,-1.42043,2525.04,-2.60598,1339.64,-1.38485,2536.24,-2.6145
0.711924,2.03044,1,2.03011,1376.54,-1.42043,2525.04,-2.60598,1339.64,-1.38485,2536.24,-2.6145
0.856478,0.372127,1,2.03011,1376.54,-1.42043,2525.04,-2.60598,1339.64,-1.38485,2536.24,-2.6145
1.12117,2.37233,1,2.03011,1376.54,-1.42043,2525.04,-2.60598,1339.64,-1.38485,2536.24,-2.6145
0.962543,0.301044,1,2.03011,1376.54,-1.42043,2525.04,-2.60598,1339.64,-1.38485,2536.24,-2.6145
1.55061,2.33982,1,2.03011,1376.54,-1.42043,2525.04,-2.60598,1339.64,-1.38485,2536.24,-2.6145
0.49696,0.292734,1,2.03011,1376.54,-1.42043,2525.04,-2.60598,1339.64,-1.38485,2536.24,-2.6145
1.54542,2.33627,1,2.03011,1376.54,-1.42043,2525.04,-2.60598,1339.64,-1.38485,2536.24,-2.6145
0.502193,0.289265,1,2.03011,1376.54,-1.42043,2525.04,-2.60598,1339.64,-1.38485,2536.24,-2.6145
1.99505,1.15748,1,1.38534,440.694,0.205157,75.2597,-0.420763,440.232,0.203569,74.7885,-0.420718
1.2358,1.02938,1,1.38534,440.694,0.205157,75.2597,-0.420763,440.232,0.203569,74.7885,-0.420718
2.37713,2.17271,1,1.38534,440.694,0.205157,75.2597,-0.420763,440.232,0.203569,74.7885,-0.420718
0.498435,1.19182,1,1.38534,440.694,0.205157,75.2597,-0.420763,440.232,0.203569,74.7885,-0.420718
0.0834015,0.612315,1,1.38534,440.694,0.205157,75.2597,-0.420763,440.232,0.203569,74.7885,-0.420718
1.28547,1.45964,1,1.38534,440.694,0.205157,75.2597,-0.420763,440.232,0.203569,74.7885,-0.420718
0.439368,0.723815,1,1.38534,440.694,0.205157,75.2597,-0.420763,440.232,0.203569,74.7885,-0.420718
0.701867,0.41946,1,1.38534,440.694,0.205157,75.2597,-0.420763,440.232,0.203569,74.7885,-0.420718
2.44357,2.3972,1,1.38534,440.694,0.205157,75.2597,-0.420763,440.232,0.203569,74.7885,-0.420718
1.46668,1.50784,1,1.38534,440.694,0.205157,75.2597,-0.420763,440.232,0.203569,74.7885,-0.420718
0.56886,0.896003,1,1.38534,440.694,0.205157,75.2597,-0.420763,440.232,0.203569,74.7885,-0.420718
0.572458,0.247274,1,1.38534,440.694,0.205157,75.2597,-0.420763,440.232,0.203569,74.7885,-0.420718
1.49736,1.69904,1,1.38534,440.694,0.205157,75.2597,-0.420763,440.232,0.203569,74.7885,-0.420718
0.76994,0.574452,1,1.38534,440.694,0.205157,75.2597,-0.420763,440.232,0.203569,74.7885,-0.420718
0.3062,0.149636,1,1.38534,440.694,0.205157,75.2597,-0.420763,440.232,0.203569,74.7885,-0.420718
1.71329,1.24885,1,1.38534,440.694,0.205157,75.2597,-0.420763,440.232,0.203569,74.7885,-0.420718
2.38082,1.94374,1,1.38534,440.694,0.205157,75.2597,-0.420763,440.232,0.203569,74.7885,-0.420718
0.0724216,1.07984,1,1.38534,440.694,0.205157,75.2597,-0.420763,440.232,0.203569,74.7885,-0.420718
1.4795,0.31858,1,1.38534,440.694,0.205157,75.2597,-0.420763,440.232,0.203569,74.7885,-0.420718
2.23649,2.24093,1,1.38534,440.694,0.205157,75.2597,-0.420763,440.232,0.203569,74.7885,-0.420718
0.00243598,1.17388,1,1.76598,376.337,-0.241903,-287.184,-0.683776,377.143,-0.239608,-283.704,-0.688803
1.1683,0.189048,-1,1.76598,376.337,-0.241903,-287.184,-0.683776,377.143,-0.239608,-283.704,-0.688803
1.56491,0.197944,1,1.76598,376.337,-0.241903,-287.184,-0.683776,377.143,-0.239608,-283.704,-0.688803
0.725329,0.636846,1,1.76598,376.337,-0.241903,-287.184,-0.683776,377.143,-0.239608,-283.704,-0.688803
1.38116,0.683852,1,1.76598,376.337,-0.241903,-287.184,-0.683776,377.143,-0.239608,-283.704,-0.688803
2.18106,1.52362,1,1.76598,376.337,-0.241903,-287.184,-0.683776,377.143,-0.239608,-283.704,-0.688803
1.22693,1.90273,1,1.76598,376.337,-0.241903,-287.184,-0.683776,377.143,-0.239608,-283.704,-0.688803
1.36267,1.6854,1,1.76598,376.337,-0.241903,-287.184,-0.683776,377.143,-0.239608,-283.704,-0.688803
0.234372,1.19752,1,1.76598,376.337,-0.241903,-287.184,-0.683776,377.143,-0.239608,-283.704,-0.688803
0.114015,1.29281,1,1.76598,376.337,-0.241903,-287.184,-0.683776,377.143,-0.239608,-283.704,-0.688803
1.66692,1.93127,1,1.76598,376.337,-0.241903,-287.184,-0.683776,377.143,-0.239608,-283.704,-0.688803
0.754427,0.0994669,1,1.76598,376.337,-0.241903,-287.184,-0.683776,377.143,-0.239608,-283.704,-0.688803
0.634086,0.194778,1,1.76598,376.337,-0.241903,-287.184,-0.683776,377.143,-0.239608,-283.704,-0.688803
1.88385,0.632237,1,1.76598,376.337,-0.241903,-287.184,-0.683776,377.143,-0.239608,-283.704,-0.688803
0.6744,2.13932,1,1.76598,376.337,-0.241903,-287.184,-0.683776,377.143,-0.239608,-283.704,-0.688803
0.843753,1.30937,1,2.05608,-671.332,-0.881897,-189.607,-1.30531,-673.816,-0.878292,-220.11,-1.35839
0.408484,0.764311,1,2.05608,-671.332,-0.881897,-189.607,-1.30531,-673.816,-0.878292,-220.11,-1.35839
1.58282,0.166568,1,2.05608,-671.332,-0.881897,-189.607,-1.30531,-673.816,-0.878292,-220.11,-1.35839
0.791784,2.46731,1,2.05608,-671.332,-0.881897,-189.607,-1.30531,-673.816,-0.878292,-220.11,-1.35839
1.58652,1.49733,1,2.05608,-671.332,-0.881897,-189.607,-1.30531,-673.816,-0.878292,-220.11,-1.35839
2.49333,0.264594,1,2.05608,-671.332,-0.881897,-189.607,-1.30531,-673.816,-0.878292,-220.11,-1.35839
1.32284,0.502019,1,2.05608,-671.332,-0.881897,-189.607,-1.30531,-673.816,-0.878292,-220.11,-1.35839
1.96279,2.23789,1,2.05608,-671.332,-0.881897,-189.607,-1.30531,-673.816,-0.878292,-220.11,-1.35839
1.57225,1.93294,1,2.05608,-671.332,-0.881897,-189.607,-1.30531,-673.816,-0.878292,-220.11,-1.35839
2.30326,2.17179,1,2.21995,9.95077,-3.16036,1.58747,-4.07989,16.7249,-3.13921,-10.4341,-4.0135
2.13136,2.17637,1,2.21995,9.95077,-3.16036,1.58747,-4.07989,16.7249,-3.13921,-10.4341,-4.0135
0.640429,0.698317,1,2.21995,9.95077,-3.16036,1.58747,-4.07989,16.7249,-3.13921,-10.4341,-4.0135
0.678584,0.784291,1,2.21995,9.95077,-3.16036,1.58747,-4.07989,16.7249,-3.13921,-10.4341,-4.0135
0.812332,0.693734,1,2.21995,9.95077,-3.16036,1.58747,-4.07989,16.7249,-3.13921,-10.4341,-4.0135
0.850489,0.779716,1,2.21995,9.95077,-3.16036,1.58747,-4.07989,16.7249,-3.13921,-10.4341,-4.0135
2.34142,2.25777,1,2.21995,9.95077,-3.16036,1.58747,-4.07989,16.7249,-3.13921,-10.4341,-4.0135
2.16952,2.26234,1,2.21995,9.95077,-3.16036,1.58747,-4.07989,16.7249,-3.13921,-10.4341,-4.0135
1.07737,0.543896,1,2.21995,9.95077,-3.16036,1.58747,-4.07989,16.7249,-3.13921,-10.4341,-4.0135
2.28963,0.654254,1,2.21995,9.95077,-3.16036,1.58747,-4.07989,16.7249,-3.13921,-10.4341,-4.0135
1.09612,0.627354,1,2.21995,9.95077,-3.16036,1.58747,-4.07989,16.7249,-3.13921,-10.4341,-4.0135
2.30839,1.82551,1,2.21995,9.95077,-3.16036,1.58747,-4.07989,16.7249,-3.13921,-10.4341,-4.0135
1.32842,1.76896,1,2.21995,9.95077,-3.16036,1.58747,-4.07989,16.7249,-3.13921,-10.4341,-4.0135
0.11614,0.570794,1,2.21995,9.95077,-3.16036,1.58747,-4.07989,16.7249,-3.13921,-10.4341,-4.0135
1.18309,1.68954,1,2.21995,9.95077,-3.16036,1.58747,-4.07989,16.7249,-3.13921,-10.4341,-4.0135
1.24144,0.706756,1,2.21995,9.95077,-3.16036,1.58747,-4.07989,16.7249,-3.13921,-10.4341,-4.0135
0.867941,1.15266,1,2.21995,9.95077,-3.16036,1.58747,-4.07989,16.7249,-3.13921,-10.4341,-4.0135
1.7391,1.41788,1,2.21995,9.95077,-3.16036,1.58747,-4.07989,16.7249,-3.13921,-10.4341,-4.0135
0.435583,0.132619,1,2.21995,9.95077,-3.16036,1.58747,-4.07989,16.7249,-3.13921,-10.4341,-4.0135
1.16685,0.931116,1,2.21995,9.95077,-3.16036,1.58747,-4.07989,16.7249,-3.13921,-10.4341,-4.0135
0.136683,0.354162,1,2.21995,9.95077,-3.16036,1.58747,-4.07989,16.7249,-3.13921,-10.4341,-4.0135
1.4402,1.63944,1,2.21995,9.95077,-3.16036,1.58747,-4.07989,16.7249,-3.13921,-10.4341,-4.0135
2.10921,1.47064,1,1.63579,208.187,-0.0924254,-1076.26,-1.08694,203.777,-0.0961423,-1081.16,-1.08982
0.267463,0.360821,1,1.63579,208.187,-0.0924254,-1076.26,-1.08694,203.777,-0.0961423,-1081.16,-1.08982
0.405184,0.663305,1,1.63579,208.187,-0.0924254,-1076.26,-1.08694,203.777,-0.0961423,-1081.16,-1.08982
1.48862,1.72983,1,1.63579,208.187,-0.0924254,-1076.26,-1.08694,203.777,-0.0961423,-1081.16,-1.08982
0.887443,0.852173,1,1.63579,208.187,-0.0924254,-1076.26,-1.08694,203.777,-0.0961423,-1081.16,-1.08982
1.91337,1.90153,1,1.63579,208.187,-0.0924254,-1076.26,-1.08694,203.777,-0.0961423,-1081.16,-1.08982
1.41891,2.00435,1,1.63579,208.187,-0.0924254,-1076.26,-1.08694,203.777,-0.0961423,-1081.16,-1.08982
0.864091,1.44705,1,1.63579,208.187,-0.0924254,-1076.26,-1.08694,203.777,-0.0961423,-1081.16,-1.08982
0.502951,1.17903,1,1.63579,208.187,-0.0924254,-1076.26,-1.08694,203.777,-0.0961423,-1081.16,-1.08982
2.20312,0.515822,1,1.63579,208.187,-0.0924254,-1076.26,-1.08694,203.777,-0.0961423,-1081.16,-1.08982
0.656721,2.26875,1,1.63579,208.187,-0.0924254,-1076.26,-1.08694,203.777,-0.0961423,-1081.16,-1.08982
1.4076,0.220642,1,1.63579,208.187,-0.0924254,-1076.26,-1.08694,203.777,-0.0961423,-1081.16,-1.08982
1.95706,0.889169,1,1.63579,208.187,-0.0924254,-1076.26,-1.08694,203.777,-0.0961423,-1081.16,-1.08982
2.00763,0.7457,1,2.03418,-97.1243,-0.545043,329.406,0.428503,-97.6992,-0.543538,333.449,0.430461
2.19305,0.0860443,1,2.03418,-97.1243,-0.545043,329.406,0.428503,-97.6992,-0.543538,333.449,0.430461
1.91749,0.0776703,1,2.03418,-97.1243,-0.545043,329.406,0.428503,-97.6992,-0.543538,333.449,0.430461
1.44549,0.955961,1,2.03418,-97.1243,-0.545043,329.406,0.428503,-97.6992,-0.543538,333.449,0.430461
0.949048,1.45107,1,2.03418,-97.1243,-0.545043,329.406,0.428503,-97.6992,-0.543538,333.449,0.430461
0.162164,2.21768,1,2.03418,-97.1243,-0.545043,329.406,0.428503,-97.6992,-0.543538,333.449,0.430461
0.107647,2.49167,1,2.03418,-97.1243,-0.545043,329.406,0.428503,-97.6992,-0.543538,333.449,0.430461
0.43097,1.7115,1,2.18216,391.506,-1.49886,-444.154,-1.98739,388.21,-1.55977,-444.209,-1.98327
1.36636,1.56952,1,2.18216,391.506,-1.49886,-444.154,-1.98739,388.21,-1.55977,-444.209,-1.98327
1.65065,0.560889,1,2.18216,391.506,-1.49886,-444.154,-1.98739,388.21,-1.55977,-444.209,-1.98327
1.12231,2.27706,1,2.18216,391.506,-1.49886,-444.154,-1.98739,388.21,-1.55977,-444.209,-1.98327
2.18013,1.78162,1,2.18216,391.506,-1.49886,-444.154,-1.98739,388.21,-1.55977,-444.209,-1.98327
1.26761,1.63504,1,2.18216,391.506,-1.49886,-444.154,-1.98739,388.21,-1.55977,-444.209,-1.98327
1.52311,1.18891,1,2.18216,391.506,-1.49886,-444.154,-1.98739,388.21,-1.55977,-444.209,-1.98327
1.92467,2.22777,1,2.18216,391.506,-1.49886,-444.154,-1.98739,388.21,-1.55977,-444.209,-1.98327
1.99732,1.82911,1,2.18216,391.506,-1.49886,-444.154,-1.98739,388.21,-1.55977,-444.209,-1.98327
0.556421,0.642673,1,2.18216,391.506,-1.49886,-444.154,-1.98739,388.21,-1.55977,-444.209,-1.98327
1.85319,0.884718,1,2.18216,391.506,-1.49886,-444.154,-1.98739,388.21,-1.55977,-444.209,-1.98327
0.937538,1.93924,1,2.18216,391.506,-1.49886,-444.154,-1.98739,388.21,-1.55977,-444.209,-1.98327
0.658098,0.73721,-1,1.22229,-836.492,1.47799,2315.29,-3.76668,-802.568,1.42111,2327.32,-3.7877
2.35482,2.27964,-1,1.22229,-836.492,1.47799,2315.29,-3.76668,-802.568,1.42111,2327.32,-3.7877
0.848336,0.771215,-1,1.22229,-836.492,1.47799,2315.29,-3.76668,-802.568,1.42111,2327.32,-3.7877
1.28514,2.17536,1,1.22229,-836.492,1.47799,2315.29,-3.76668,-802.568,1.42111,2327.32,-3.7877
0.86057,0.0790298,1,1.22229,-836.492,1.47799,2315.29,-3.76668,-802.568,1.42111,2327.32,-3.7877
1.9901,1.07904,1,1.22229,-836.492,1.47799,2315.29,-3.76668,-802.568,1.42111,2327.32,-3.7877
0.777038,1.7062,1,1.22229,-836.492,1.47799,2315.29,-3.76668,-802.568,1.42111,2327.32,-3.7877
2.08468,1.77259,1,1.22229,-836.492,1.47799,2315.29,-3.76668,-802.568,1.42111,2327.32,-3.7877
0.92828,1.24425,1,1.22229,-836.492,1.47799,2315.29,-3.76668,-802.568,1.42111,2327.32,-3.7877
2.06506,1.74573,1,1.22229,-836.492,1.47799,2315.29,-3.76668,-802.568,1.42111,2327.32,-3.7877
0.558609,0.237285,1,1.22229,-836.492,1.47799,2315.29,-3.76668,-802.568,1.42111,2327.32,-3.7877
0.947841,1.27116,1,1.22229,-836.492,1.47799,2315.29,-3.76668,-802.568,1.42111,2327.32,-3.7877
0.214311,1.24155,1,1.22229,-836.492,1.47799,2315.29,-3.76668,-802.568,1.42111,2327.32,-3.7877
2.24881,1.8991,1,1.68468,-308.063,-0.114288,1022.28,-0.635779,-287.612,-0.136475,1034.95,-0.651248
2.17254,1.86557,1,1.68468,-308.063,-0.114288,1022.28,-0.635779,-287.612,-0.136475,1034.95,-0.651248
1.11536,0.192457,1,1.68468,-308.063,-0.114288,1022.28,-0.635779,-287.612,-0.136475,1034.95,-0.651248
1.50778,0.109506,1,1.68468,-308.063,-0.114288,1022.28,-0.635779,-287.612,-0.136475,1034.95,-0.651248
0.361263,1.13886,1,1.68468,-308.063,-0.114288,1022.28,-0.635779,-287.612,-0.136475,1034.95,-0.651248
1.44637,0.079515,1,1.68468,-308.063,-0.114288,1022.28,-0.635779,-287.612,-0.136475,1034.95,-0.651248
1.42623,0.474083,1,1.68468,-308.063,-0.114288,1022.28,-0.635779,-287.612,-0.136475,1034.95,-0.651248
0.71063,0.624564,1,1.68468,-308.063,-0.114288,1022.28,-0.635779,-287.612,-0.136475,1034.95,-0.651248
0.634365,0.658191,1,1.68468,-308.063,-0.114288,1022.28,-0.635779,-287.612,-0.136475,1034.95,-0.651248
1.78134,1.2864,1,1.68468,-308.063,-0.114288,1022.28,-0.635779,-287.612,-0.136475,1034.95,-0.651248
1.14292,1.54132,1,1.68468,-308.063,-0.114288,1022.28,-0.635779,-287.612,-0.136475,1034.95,-0.651248
0.576866,1.96869,1,1.68468,-308.063,-0.114288,1022.28,-0.635779,-287.612,-0.136475,1034.95,-0.651248
2.36977,0.763639,1,1.68468,-308.063,-0.114288,1022.28,-0.635779,-287.612,-0.136475,1034.95,-0.651248
1.28462,0.295742,1,1.68468,-308.063,-0.114288,1022.28,-0.635779,-287.612,-0.136475,1034.95,-0.651248
0.197807,0.485479,1,0.983389,-51.6581,1.27399,536.185,1.63126,-52.6402,1.27651,536.654,1.63676
0.886878,0.848503,1,0.983389,-51.6581,1.27399,536.185,1.63126,-52.6402,1.27651,536.654,1.63676
0.111724,0.0850391,1,0.983389,-51.6581,1.27399,536.185,1.63126,-52.6402,1.27651,536.654,1.63676
1.80345,1.76806,1,0.983389,-51.6581,1.27399,536.185,1.63126,-52.6402,1.27651,536.654,1.63676
0.643917,0.700322,1,0.983389,-51.6581,1.27399,536.185,1.63126,-52.6402,1.27651,536.654,1.63676
1.09384,1.13638,1,0.983389,-51.6581,1.27399,536.185,1.63126,-52.6402,1.27651,536.654,1.63676
0.852886,0.0708535,1,0.983389,-51.6581,1.27399,536.185,1.63126,-52.6402,1.27651,536.654,1.63676
0.839216,1.63315,1,0.983389,-51.6581,1.27399,536.185,1.63126,-52.6402,1.27651,536.654,1.63676
1.2137,0.150758,1,0.983389,-51.6581,1.27399,536.185,1.63126,-52.6402,1.27651,536.654,1.63676
2.18995,1.12325,1,0.983389,-51.6581,1.27399,536.185,1.63126,-52.6402,1.27651,536.654,1.63676
1.05979,0.0999866,1,0.983389,-51.6581,1.27399,536.185,1.63126,-52.6402,1.27651,536.654,1.63676
2.03603,0.872476,1,0.983389,-51.6581,1.27399,536.185,1.63126,-52.6402,1.27651,536.654,1.63676
0.0270565,1.24567,1,0.983389,-51.6581,1.27399,536.185,1.63126,-52.6402,1.27651,536.654,1.63676
0.238044,1.46777,1,0.983389,-51.6581,1.27399,536.185,1.63126,-52.6402,1.27651,536.654,1.63676
0.609334,1.82661,1,1.99471,421.894,-2.0891,-269.25,-4.40717,425.4,-2.01704,-266.629,-4.35613
1.32311,0.0598449,1,1.99471,421.894,-2.0891,-269.25,-4.40717,425.4,-2.01704,-266.629,-4.35613
0.415988,0.070101,1,1.99471,421.894,-2.0891,-269.25,-4.40717,425.4,-2.01704,-266.629,-4.35613
1.76994,1.25937,1,1.99471,421.894,-2.0891,-269.25,-4.40717,425.4,-2.01704,-266.629,-4.35613
0.961295,0.565562,1,1.99471,421.894,-2.0891,-269.25,-4.40717,425.4,-2.01704,-266.629,-4.35613
1.7466,2.09336,1,1.99471,421.894,-2.0891,-269.25,-4.40717,425.4,-2.01704,-266.629,-4.35613
0.181466,0.0977714,1,1.99471,421.894,-2.0891,-269.25,-4.40717,425.4,-2.01704,-266.629,-4.35613
0.400063,0.359717,1,1.99471,421.894,-2.0891,-269.25,-4.40717,425.4,-2.01704,-266.629,-4.35613
0.229312,1.02938,1,1.99471,421.894,-2.0891,-269.25,-4.40717,425.4,-2.01704,-266.629,-4.35613
0.274976,0.572076,1,1.99471,421.894,-2.0891,-269.25,-4.40717,425.4,-2.01704,-266.629,-4.35613
1.91157,1.05192,1,1.99471,421.894,-2.0891,-269.25,-4.40717,425.4,-2.01704,-266.629,-4.35613
1.40729,0.594624,1,1.99471,421.894,-2.0891,-269.25,-4.40717,425.4,-2.01704,-266.629,-4.35613
1.36162,2.1961,1,1.99471,421.894,-2.0891,-269.25,-4.40717,425.4,-2.01704,-266.629,-4.35613
1.86033,1.0033,1,1.99471,421.894,-2.0891,-269.25,-4.40717,425.4,-2.01704,-266.629,-4.35613
1.37333,2.25174,1,1.99471,421.894,-2.0891,-269.25,-4.40717,425.4,-2.01704,-266.629,-4.35613
1.64172,0.741372,1,1.99471,421.894,-2.0891,-269.25,-4.40717,425.4,-2.01704,-266.629,-4.35613
1.76021,2.30234,1,2.16794,2406.55,-2.35173,2635.37,-3.34332,2423.86,-2.3691,2629.88,-3.33751
1.23842,0.691345,1,2.16794,2406.55,-2.35173,2635.37,-3.34332,2423.86,-2.3691,2629.88,-3.33751
2.23101,0.625049,1,2.16794,2406.55,-2.35173,2635.37,-3.34332,2423.86,-2.3691,2629.88,-3.33751
0.361879,1.67123,1,2.16794,2406.55,-2.35173,2635.37,-3.34332,2423.86,-2.3691,2629.88,-3.33751
1.83595,1.01312,1,2.16794,2406.55,-2.35173,2635.37,-3.34332,2423.86,-2.3691,2629.88,-3.33751
0.0539706,0.885167,1,2.16794,2406.55,-2.35173,2635.37,-3.34332,2423.86,-2.3691,2629.88,-3.33751
1.50947,2.3722,1,2.16794,2406.55,-2.35173,2635.37,-3.34332,2423.86,-2.3691,2629.88,-3.33751
2.27036,1.42436,1,2.16794,2406.55,-2.35173,2635.37,-3.34332,2423.86,-2.3691,2629.88,-3.33751
0.38047,0.47393,1,2.16794,2406.55,-2.35173,2635.37,-3.34332,2423.86,-2.3691,2629.88,-3.33751
1.72068,1.77853,1,2.16794,2406.55,-2.35173,2635.37,-3.34332,2423.86,-2.3691,2629.88,-3.33751
0.144417,0.202685,1,2.16794,2406.55,-2.35173,2635.37,-3.34332,2423.86,-2.3691,2629.88,-3.33751
1.4318,1.37315,1,2.16794,2406.55,-2.35173,2635.37,-3.34332,2423.86,-2.3691,2629.88,-3.33751
1.44151,1.50098,1,2.16794,2406.55,-2.35173,2635.37,-3.34332,2423.86,-2.3691,2629.88,-3.33751
1.71094,1.65061,1,2.16794,2406.55,-2.35173,2635.37,-3.34332,2423.86,-2.3691,2629.88,-3.33751
1.38581,1.38533,1,2.16794,2406.55,-2.35173,2635.37,-3.34332,2423.86,-2.3691,2629.88,-3.33751
0.849881,0.842821,1,2.16794,2406.55,-2.35173,2635.37,-3.34332,2423.86,-2.3691,2629.88,-3.33751
0.851167,0.872,1,2.16794,2406.55,-2.35173,2635.37,-3.34332,2423.86,-2.3691,2629.88,-3.33751
1.38452,1.35617,1,2.16794,2406.55,-2.35173,2635.37,-3.34332,2423.86,-2.3691,2629.88,-3.33751
0.0949372,1.24023,1,0.700333,234.285,1.3484,371.678,-0.547965,234.745,1.3498,371.943,-0.542491
2.0523,0.874687,1,0.700333,234.285,1.3484,371.678,-0.547965,234.745,1.3498,371.943,-0.542491
0.598819,0.124359,1,0.700333,234.285,1.3484,371.678,-0.547965,234.745,1.3498,371.943,-0.542491
1.94013,1.13444,1,0.700333,234.285,1.3484,371.678,-0.547965,234.745,1.3498,371.943,-0.542491
0.733382,0.0894067,1,0.700333,234.285,1.3484,371.678,-0.547965,234.745,1.3498,371.943,-0.542491
0.372241,0.499235,1,0.700333,234.285,1.3484,371.678,-0.547965,234.745,1.3498,371.943,-0.542491
0.402785,0.552764,1,0.700333,234.285,1.3484,371.678,-0.547965,234.745,1.3498,371.943,-0.542491
1.68239,2.02294,1,0.700333,234.285,1.3484,371.678,-0.547965,234.745,1.3498,371.943,-0.542491
1.8183,1.44918,1,0.700333,234.285,1.3484,371.678,-0.547965,234.745,1.3498,371.943,-0.542491
2.38718,2.31107,1,0.700333,234.285,1.3484,371.678,-0.547965,234.745,1.3498,371.943,-0.542491
1.62248,1.7248,1,0.700333,234.285,1.3484,371.678,-0.547965,234.745,1.3498,371.943,-0.542491
1.05162,0.406009,1,0.700333,234.285,1.3484,371.678,-0.547965,234.745,1.3498,371.943,-0.542491
1.02106,0.352496,1,0.700333,234.285,1.3484,371.678,-0.547965,234.745,1.3498,371.943,-0.542491
0.455974,1.00994,1,0.700333,234.285,1.3484,371.678,-0.547965,234.745,1.3498,371.943,-0.542491
1.61173,1.05082,1,0.700333,234.285,1.3484,371.678,-0.547965,234.745,1.3498,371.943,-0.542491
1.79018,0.99897,1,0.700333,234.285,1.3484,371.678,-0.547965,234.745,1.3498,371.943,-0.542491
0.356969,1.11602,1,0.700333,234.285,1.3484,371.678,-0.547965,234.745,1.3498,371.943,-0.542491
1.07157,0.865749,1,0.700333,234.285,1.3484,371.678,-0.547965,234.745,1.3498,371.943,-0.542491
0.184656,0.0209244,1,0.700333,234.285,1.3484,371.678,-0.547965,234.745,1.3498,371.943,-0.542491
0.648971,1.42604,1,0.700333,234.285,1.3484,371.678,-0.547965,234.745,1.3498,371.943,-0.542491
1.41872,0.634685,1,0.700333,234.285,1.3484,371.678,-0.547965,234.745,1.3498,371.943,-0.542491
1.51975,0.806773,1,1.44002,417.208,0.482279,166.087,-3.41594,414.562,0.493912,165.176,-3.46989
2.29977,0.0123636,1,1.44002,417.208,0.482279,166.087,-3.41594,414.562,0.493912,165.176,-3.46989
2.00456,1.91849,1,1.44002,417.208,0.482279,166.087,-3.41594,414.562,0.493912,165.176,-3.46989
0.186851,0.00914487,1,1.44002,417.208,0.482279,166.087,-3.41594,414.562,0.493912,165.176,-3.46989
0.678008,0.795527,1,1.44002,417.208,0.482279,166.087,-3.41594,414.562,0.493912,165.176,-3.46989
1.44569,1.15298,1,1.44002,417.208,0.482279,166.087,-3.41594,414.562,0.493912,165.176,-3.46989
0.405976,0.724724,1,1.44002,417.208,0.482279,166.087,-3.41594,414.562,0.493912,165.176,-3.46989
0.692155,0.0751882,1,1.44002,417.208,0.482279,166.087,-3.41594,414.562,0.493912,165.176,-3.46989
1.40805,2.20665,1,1.44002,417.208,0.482279,166.087,-3.41594,414.562,0.493912,165.176,-3.46989
0.273008,0.181689,1,1.44002,417.208,0.482279,166.087,-3.41594,414.562,0.493912,165.176,-3.46989
0.863104,1.04935,1,1.44002,417.208,0.482279,166.087,-3.41594,414.562,0.493912,165.176,-3.46989
2.29763,0.59325,1,1.44002,417.208,0.482279,166.087,-3.41594,414.562,0.493912,165.176,-3.46989
1.73762,2.20596,1,1.50899,-264.046,0.1503,-1851.03,-2.25885,-263.159,0.152324,-1842.53,-2.24833
1.07419,1.53939,1,1.50899,-264.046,0.1503,-1851.03,-2.25885,-263.159,0.152324,-1842.53,-2.24833
2.4069,2.46802,1,1.50899,-264.046,0.1503,-1851.03,-2.25885,-263.159,0.152324,-1842.53,-2.24833
0.765381,0.695913,1,1.50899,-264.046,0.1503,-1851.03,-2.25885,-263.159,0.152324,-1842.53,-2.24833
2.31201,2.38983,1,1.50899,-264.046,0.1503,-1851.03,-2.25885,-263.159,0.152324,-1842.53,-2.24833
0.298195,0.169797,1,1.50899,-264.046,0.1503,-1851.03,-2.25885,-263.159,0.152324,-1842.53,-2.24833
0.860257,0.7741,1,1.50899,-264.046,0.1503,-1851.03,-2.25885,-263.159,0.152324,-1842.53,-2.24833
0.799671,0.916481,1,1.50899,-264.046,0.1503,-1851.03,-2.25885,-263.159,0.152324,-1842.53,-2.24833
0.0919775,0.233198,1,1.50899,-264.046,0.1503,-1851.03,-2.25885,-263.159,0.152324,-1842.53,-2.24833
1.00284,0.255431,1,1.50899,-264.046,0.1503,-1851.03,-2.25885,-263.159,0.152324,-1842.53,-2.24833
1.73611,2.49911,1,1.50899,-264.046,0.1503,-1851.03,-2.25885,-263.159,0.152324,-1842.53,-2.24833
1.75961,0.982271,1,1.50899,-264.046,0.1503,-1851.03,-2.25885,-263.159,0.152324,-1842.53,-2.24833
0.4114,1.3787,1,1.50899,-264.046,0.1503,-1851.03,-2.25885,-263.159,0.152324,-1842.53,-2.24833
2.24242,1.26419,1,1.50899,-264.046,0.1503,-1851.03,-2.25885,-263.159,0.152324,-1842.53,-2.24833
1.33126,2.31923,1,1.50899,-264.046,0.1503,-1851.03,-2.25885,-263.159,0.152324,-1842.53,-2.24833
1.32255,0.323643,1,1.50899,-264.046,0.1503,-1851.03,-2.25885,-263.159,0.152324,-1842.53,-2.24833
0.536016,0.299298,1,1.36594,11.0815,0.302957,-304.778,1.00403,13.3055,0.29536,-308.693,1.00913
1.82837,0.969592,1,1.36594,11.0815,0.302957,-304.778,1.00403,13.3055,0.29536,-308.693,1.00913
1.78016,2.42794,1,1.36594,11.0815,0.302957,-304.778,1.00403,13.3055,0.29536,-308.693,1.00913
0.759887,0.126991,1,1.36594,11.0815,0.302957,-304.778,1.00403,13.3055,0.29536,-308.693,1.00913
2.12299,0.280459,1,1.36594,11.0815,0.302957,-304.778,1.00403,13.3055,0.29536,-308.693,1.00913
0.750143,1.09817,1,1.36594,11.0815,0.302957,-304.778,1.00403,13.3055,0.29536,-308.693,1.00913
1.40317,0.507675,1,1.36594,11.0815,0.302957,-304.778,1.00403,13.3055,0.29536,-308.693,1.00913
0.364621,1.2516,1,1.36594,11.0815,0.302957,-304.778,1.00403,13.3055,0.29536,-308.693,1.00913
1.34798,1.076,1,1.36594,11.0815,0.302957,-304.778,1.00403,13.3055,0.29536,-308.693,1.00913
0.744269,0.180979,1,1.36594,11.0815,0.302957,-304.778,1.00403,13.3055,0.29536,-308.693,1.00913
2.11713,1.55968,1,1.36594,11.0815,0.302957,-304.778,1.00403,13.3055,0.29536,-308.693,1.00913
0.223442,2.45459,1,1.36594,11.0815,0.302957,-304.778,1.00403,13.3055,0.29536,-308.693,1.00913
0.272542,0.370856,1,1.45511,339.251,0.154552,829.204,-0.873493,339.013,0.154222,829.068,-0.872623
0.679736,0.584205,1,1.45511,339.251,0.154552,829.204,-0.873493,339.013,0.154222,829.068,-0.872623
1.41196,1.51131,1,1.45511,339.251,0.154552,829.204,-0.873493,339.013,0.154222,829.068,-0.872623
0.570598,0.879298,1,1.45511,339.251,0.154552,829.204,-0.873493,339.013,0.154222,829.068,-0.872623
2.13027,1.82212,1,1.45511,339.251,0.154552,829.204,-0.873493,339.013,0.154222,829.068,-0.872623
0.0514729,0.0282849,1,1.45511,339.251,0.154552,829.204,-0.873493,339.013,0.154222,829.068,-0.872623
0.386166,0.361071,1,1.45511,339.251,0.154552,829.204,-0.873493,339.013,0.154222,829.068,-0.872623
0.581572,0.00523632,1,1.45511,339.251,0.154552,829.204,-0.873493,339.013,0.154222,829.068,-0.872623
1.60809,1.01835,1,1.45511,339.251,0.154552,829.204,-0.873493,339.013,0.154222,829.068,-0.872623
1.51949,0.696118,1,1.45511,339.251,0.154552,829.204,-0.873493,339.013,0.154222,829.068,-0.872623
0.867979,0.0412404,1,1.45511,339.251,0.154552,829.204,-0.873493,339.013,0.154222,829.068,-0.872623
1.34299,0.578724,1,1.45511,339.251,0.154552,829.204,-0.873493,339.013,0.154222,829.068,-0.872623
0.600244,0.97361,1,1.45511,339.251,0.154552,829.204,-0.873493,339.013,0.154222,829.068,-0.872623
1.44616,2.30946,1,1.45511,339.251,0.154552,829.204,-0.873493,339.013,0.154222,829.068,-0.872623
1.51161,0.0311186,1,1.54373,-71.319,0.15644,-2707.51,-3.97347,-95.8488,0.112436,-2735.61,-4.01896
0.0365765,1.52933,1,1.54373,-71.319,0.15644,-2707.51,-3.97347,-95.8488,0.112436,-2735.61,-4.01896
1.68639,0.251145,1,1.54373,-71.319,0.15644,-2707.51,-3.97347,-95.8488,0.112436,-2735.61,-4.01896
2.33483,1.78922,1,1.54373,-71.319,0.15644,-2707.51,-3.97347,-95.8488,0.112436,-2735.61,-4.01896
1.77403,2.31914,1,1.54373,-71.319,0.15644,-2707.51,-3.97347,-95.8488,0.112436,-2735.61,-4.01896
0.250079,0.294364,1,1.54373,-71.319,0.15644,-2707.51,-3.97347,-95.8488,0.112436,-2735.61,-4.01896
2.27419,1.7304,1,1.54373,-71.319,0.15644,-2707.51,-3.97347,-95.8488,0.112436,-2735.61,-4.01896
1.71345,2.26031,1,1.54373,-71.319,0.15644,-2707.51,-3.97347,-95.8488,0.112436,-2735.61,-4.01896
0.310654,0.235552,1,1.54373,-71.319,0.15644,-2707.51,-3.97347,-95.8488,0.112436,-2735.61,-4.01896
1.45616,1.05133,1,1.54373,-71.319,0.15644,-2707.51,-3.97347,-95.8488,0.112436,-2735.61,-4.01896
0.113968,0.540235,1,1.54373,-71.319,0.15644,-2707.51,-3.97347,-95.8488,0.112436,-2735.61,-4.01896
0.370366,0.876326,1,1.54373,-71.319,0.15644,-2707.51,-3.97347,-95.8488,0.112436,-2735.61,-4.01896
1.68409,2.13175,1,1.54373,-71.319,0.15644,-2707.51,-3.97347,-95.8488,0.112436,-2735.61,-4.01896
1.19982,0.715127,1,1.54373,-71.319,0.15644,-2707.51,-3.97347,-95.8488,0.112436,-2735.61,-4.01896
